Region,Month_Num,houses_sold_not_seas_adj,houses_sold_annualized_seas_adj
North-east,0,7,127
North-east,1,7,108
North-east,2,9,103
North-east,3,9,96
North-east,4,9,90
North-east,5,9,91
North-east,6,8,95
North-east,7,9,101
North-east,8,9,98
North-east,9,8,94
North-east,10,6,82
North-east,11,3,56
North-east,12,4,70
North-east,13,5,79
North-east,14,7,78
North-east,15,7,77
North-east,16,8,79
North-east,17,8,74
North-east,18,6,73
North-east,19,6,66
North-east,20,6,60
North-east,21,4,52
North-east,22,4,56
North-east,23,4,60
North-east,24,3,49
North-east,25,4,65
North-east,26,6,70
North-east,27,6,64
North-east,28,8,76
North-east,29,8,76
North-east,30,6,72
North-east,31,5,56
North-east,32,6,72
North-east,33,7,79
North-east,34,6,80
North-east,35,5,85
North-east,36,4,76
North-east,37,5,72
North-east,38,6,72
North-east,39,7,73
North-east,40,7,63
North-east,41,7,63
North-east,42,8,88
North-east,43,6,69
North-east,44,6,69
North-east,45,6,75
North-east,46,5,73
North-east,47,5,73
North-east,48,5,89
North-east,49,5,73
North-east,50,7,78
North-east,51,9,90
North-east,52,10,96
North-east,53,9,84
North-east,54,7,79
North-east,55,8,89
North-east,56,8,91
North-east,57,7,85
North-east,58,7,101
North-east,59,4,72
North-east,60,3,66
North-east,61,6,83
North-east,62,6,75
North-east,63,8,85
North-east,64,7,72
North-east,65,9,90
North-east,66,7,82
North-east,67,7,76
North-east,68,7,75
North-east,69,6,63
North-east,70,5,72
North-east,71,6,98
North-east,72,6,103
North-east,73,4,54
North-east,74,6,73
North-east,75,7,73
North-east,76,7,73
North-east,77,7,70
North-east,78,5,60
North-east,79,6,65
North-east,80,5,57
North-east,81,7,72
North-east,82,4,59
North-east,83,4,56
North-east,84,3,51
North-east,85,4,55
North-east,86,4,49
North-east,87,3,35
North-east,88,3,35
North-east,89,4,39
North-east,90,4,49
North-east,91,6,64
North-east,92,6,63
North-east,93,6,63
North-east,94,4,52
North-east,95,3,51
North-east,96,3,53
North-east,97,3,45
North-east,98,4,50
North-east,99,5,52
North-east,100,5,49
North-east,101,5,48
North-east,102,5,57
North-east,103,4,40
North-east,104,3,38
North-east,105,2,26
North-east,106,4,51
North-east,107,3,46
North-east,108,2,29
North-east,109,4,61
North-east,110,3,42
North-east,111,4,43
North-east,112,4,46
North-east,113,4,36
North-east,114,3,42
North-east,115,3,38
North-east,116,5,58
North-east,117,5,54
North-east,118,4,59
North-east,119,4,58
North-east,120,4,71
North-east,121,5,68
North-east,122,6,73
North-east,123,7,78
North-east,124,7,77
North-east,125,9,85
North-east,126,7,79
North-east,127,7,77
North-east,128,6,76
North-east,129,7,71
North-east,130,6,75
North-east,131,5,82
North-east,132,5,76
North-east,133,5,76
North-east,134,9,105
North-east,135,6,61
North-east,136,8,87
North-east,137,11,111
North-east,138,9,102
North-east,139,9,102
North-east,140,8,94
North-east,141,9,104
North-east,142,7,90
North-east,143,5,75
North-east,144,7,101
North-east,145,7,108
North-east,146,8,92
North-east,147,8,87
North-east,148,10,106
North-east,149,11,118
North-east,150,10,120
North-east,151,12,140
North-east,152,8,92
North-east,153,8,89
North-east,154,10,133
North-east,155,9,135
North-east,156,8,127
North-east,157,9,135
North-east,158,14,153
North-east,159,15,170
North-east,160,14,144
North-east,161,11,111
North-east,162,10,112
North-east,163,9,107
North-east,164,13,149
North-east,165,11,124
North-east,166,10,138
North-east,167,9,134
North-east,168,10,136
North-east,169,9,127
North-east,170,11,114
North-east,171,10,116
North-east,172,11,111
North-east,173,9,98
North-east,174,10,115
North-east,175,9,111
North-east,176,10,128
North-east,177,10,118
North-east,178,12,152
North-east,179,5,75
North-east,180,7,99
North-east,181,8,118
North-east,182,11,106
North-east,183,10,109
North-east,184,10,103
North-east,185,11,119
North-east,186,9,102
North-east,187,8,102
North-east,188,7,97
North-east,189,8,95
North-east,190,5,58
North-east,191,7,102
North-east,192,8,125
North-east,193,6,87
North-east,194,11,108
North-east,195,7,82
North-east,196,9,88
North-east,197,7,72
North-east,198,9,96
North-east,199,7,94
North-east,200,5,63
North-east,201,7,85
North-east,202,8,95
North-east,203,7,88
North-east,204,7,97
North-east,205,4,69
North-east,206,9,91
North-east,207,8,88
North-east,208,7,74
North-east,209,7,75
North-east,210,6,71
North-east,211,5,62
North-east,212,4,57
North-east,213,6,72
North-east,214,6,72
North-east,215,5,56
North-east,216,3,52
North-east,217,3,51
North-east,218,5,50
North-east,219,5,60
North-east,220,5,58
North-east,221,5,58
North-east,222,6,65
North-east,223,5,62
North-east,224,5,57
North-east,225,6,67
North-east,226,5,55
North-east,227,5,64
North-east,228,4,64
North-east,229,4,67
North-east,230,5,51
North-east,231,5,52
North-east,232,6,63
North-east,233,7,75
North-east,234,6,64
North-east,235,6,70
North-east,236,7,83
North-east,237,5,56
North-east,238,5,66
North-east,239,6,77
North-east,240,3,53
North-east,241,4,68
North-east,242,5,53
North-east,243,9,102
North-east,244,6,68
North-east,245,6,66
North-east,246,5,59
North-east,247,5,56
North-east,248,5,60
North-east,249,5,57
North-east,250,4,53
North-east,251,4,51
North-east,252,3,50
North-east,253,3,49
North-east,254,5,65
North-east,255,5,62
North-east,256,6,63
North-east,257,5,54
North-east,258,4,51
North-east,259,7,72
North-east,260,7,83
North-east,261,6,67
North-east,262,5,64
North-east,263,4,49
North-east,264,4,64
North-east,265,4,58
North-east,266,5,62
North-east,267,5,55
North-east,268,5,54
North-east,269,7,77
North-east,270,5,54
North-east,271,4,49
North-east,272,4,36
North-east,273,5,54
North-east,274,3,46
North-east,275,6,83
North-east,276,3,47
North-east,277,5,57
North-east,278,4,51
North-east,279,6,60
North-east,280,5,54
North-east,281,7,77
North-east,282,7,84
North-east,283,8,82
North-east,284,9,89
North-east,285,6,77
North-east,286,6,77
North-east,287,6,88
North-east,288,7,107
North-east,289,9,96
North-east,290,8,91
North-east,291,8,83
North-east,292,8,83
North-east,293,7,71
North-east,294,6,66
North-east,295,7,73
North-east,296,6,71
North-east,297,5,72
North-east,298,6,85
North-east,299,5,76
North-east,300,5,73
North-east,301,8,90
North-east,302,8,87
North-east,303,8,87
North-east,304,9,95
North-east,305,8,82
North-east,306,6,72
North-east,307,7,77
North-east,308,7,78
North-east,309,6,77
North-east,310,7,95
North-east,311,5,76
North-east,312,5,78
North-east,313,7,78
North-east,314,6,71
North-east,315,7,77
North-east,316,6,70
North-east,317,6,67
North-east,318,7,85
North-east,319,8,94
North-east,320,6,75
North-east,321,5,69
North-east,322,5,63
North-east,323,6,83
North-east,324,5,76
North-east,325,7,70
North-east,326,7,75
North-east,327,7,75
North-east,328,6,70
North-east,329,7,73
North-east,330,5,64
North-east,331,6,63
North-east,332,6,69
North-east,333,6,87
North-east,334,5,68
North-east,335,5,65
North-east,336,4,56
North-east,337,7,70
North-east,338,7,75
North-east,339,7,70
North-east,340,5,55
North-east,341,5,61
North-east,342,6,72
North-east,343,6,65
North-east,344,4,51
North-east,345,5,67
North-east,346,5,70
North-east,347,5,73
North-east,348,5,67
North-east,349,6,66
North-east,350,6,65
North-east,351,6,58
North-east,352,6,70
North-east,353,6,71
North-east,354,5,63
North-east,355,5,55
North-east,356,8,83
North-east,357,5,61
North-east,358,4,63
North-east,359,4,55
North-east,360,6,77
North-east,361,4,49
North-east,362,9,92
North-east,363,7,75
North-east,364,6,72
North-east,365,8,77
North-east,366,6,83
North-east,367,6,78
North-east,368,8,88
North-east,369,7,84
North-east,370,6,88
North-east,371,7,98
North-east,372,7,103
North-east,373,8,84
North-east,374,8,86
North-east,375,9,85
North-east,376,10,102
North-east,377,6,74
North-east,378,4,54
North-east,379,6,65
North-east,380,7,81
North-east,381,8,104
North-east,382,6,82
North-east,383,5,66
North-east,384,4,67
North-east,385,7,85
North-east,386,7,78
North-east,387,9,99
North-east,388,9,91
North-east,389,8,83
North-east,390,8,100
North-east,391,6,80
North-east,392,6,62
North-east,393,6,78
North-east,394,6,85
North-east,395,5,69
North-east,396,4,65
North-east,397,6,65
North-east,398,6,59
North-east,399,5,56
North-east,400,6,65
North-east,401,6,63
North-east,402,5,63
North-east,403,7,88
North-east,404,5,62
North-east,405,3,38
North-east,406,5,66
North-east,407,5,73
North-east,408,4,60
North-east,409,4,50
North-east,410,7,88
North-east,411,9,85
North-east,412,8,83
North-east,413,6,65
North-east,414,4,48
North-east,415,5,59
North-east,416,5,63
North-east,417,5,62
North-east,418,4,52
North-east,419,4,54
North-east,420,3,50
North-east,421,3,43
North-east,422,2,30
North-east,423,4,40
North-east,424,3,31
North-east,425,3,34
North-east,426,3,39
North-east,427,2,28
North-east,428,2,25
North-east,429,3,35
North-east,430,3,39
North-east,431,2,30
North-east,432,2,28
North-east,433,2,31
North-east,434,2,21
North-east,435,2,20
North-east,436,2,26
North-east,437,3,34
North-east,438,4,42
North-east,439,3,36
North-east,440,3,35
North-east,441,3,32
North-east,442,2,33
North-east,443,3,39
North-east,444,3,40
North-east,445,2,31
North-east,446,3,32
North-east,447,4,34
North-east,448,3,28
North-east,449,3,34
North-east,450,3,28
North-east,451,3,30
North-east,452,3,36
North-east,453,3,31
North-east,454,2,22
North-east,455,2,22
North-east,456,2,33
North-east,457,1,18
North-east,458,2,23
North-east,459,3,25
North-east,460,2,18
North-east,461,1,16
North-east,462,2,23
North-east,463,2,24
North-east,464,2,19
North-east,465,2,19
North-east,466,1,16
North-east,467,1,20
North-east,468,2,24
North-east,469,2,27
North-east,470,3,32
North-east,471,3,29
North-east,472,3,36
North-east,473,1,16
North-east,474,3,31
North-east,475,2,27
North-east,476,3,37
North-east,477,2,25
North-east,478,2,32
North-east,479,2,30
North-east,480,2,29
North-east,481,3,37
North-east,482,3,37
North-east,483,3,29
North-east,484,2,27
North-east,485,3,35
North-east,486,3,30
North-east,487,3,31
North-east,488,2,25
North-east,489,2,31
North-east,490,2,33
North-east,491,2,23
North-east,492,3,30
North-east,493,2,23
North-east,494,2,26
North-east,495,2,21
North-east,496,3,36
North-east,497,2,26
North-east,498,2,22
North-east,499,3,30
North-east,500,3,32
North-east,501,2,25
North-east,502,2,31
North-east,503,2,31
North-east,504,1,14
North-east,505,2,28
North-east,506,2,20
North-east,507,1,12
North-east,508,2,26
North-east,509,2,27
North-east,510,2,28
North-east,511,3,32
North-east,512,2,20
North-east,513,3,33
North-east,514,2,27
North-east,515,2,30
North-east,516,3,33
North-east,517,2,28
North-east,518,3,32
North-east,519,4,39
North-east,520,3,34
North-east,521,3,28
North-east,522,3,36
North-east,523,2,22
North-east,524,3,32
North-east,525,3,36
North-east,526,2,30
North-east,527,3,37
North-east,528,3,41
North-east,529,2,32
North-east,530,3,40
North-east,531,4,37
North-east,532,4,44
North-east,533,4,44
North-east,534,4,42
North-east,535,3,34
North-east,536,3,41
North-east,537,3,45
North-east,538,3,42
North-east,539,2,36
North-east,540,3,33
North-east,541,3,39
North-east,542,3,34
North-east,543,3,32
North-east,544,3,34
North-east,545,4,49
North-east,546,2,25
North-east,547,3,31
North-east,548,2,28
North-east,549,2,24
North-east,550,2,32
North-east,551,2,27
North-east,552,2,28
North-east,553,3,30
North-east,554,2,25
North-east,555,3,33
North-east,556,2,22
North-east,557,2,28
North-east,558,3,33
North-east,559,3,33
North-east,560,3,35
North-east,561,2,23
North-east,562,2,35
North-east,563,3,39
North-east,564,3,32
North-east,565,4,38
North-east,566,2,22
North-east,567,2,22
North-east,568,3,32
North-east,569,5,59
North-east,570,4,44
North-east,571,4,47
North-east,572,3,39
North-east,573,3,41
North-east,574,2,35
North-east,575,3,41
North-east,576,4,47
North-east,577,3,35
North-east,578,4,44
North-east,579,4,42
North-east,580,4,39
North-east,581,3,30
North-east,582,2,28
North-east,583,3,32
North-east,584,3,32
North-east,585,2,31
North-east,586,2,34
North-east,587,3,36
North-east,588,2,29
North-east,589,4,48
North-east,590,4,51
North-east,591,4,45
North-east,592,2,19
North-east,593,1,17
North-east,594,2,23
North-east,595,2,27
North-east,596,2,30
North-east,597,3,39
North-east,598,2,29
North-east,599,2,34
North-east,600,3,41
North-east,601,2,23
North-east,602,5,53
North-east,603,3,34
North-east,604,3,32
North-east,605,3,33
North-east,606,2,30
North-east,607,3,32
Mid-west,0,9,136
Mid-west,1,11,137
Mid-west,2,15,143
Mid-west,3,11,115
Mid-west,4,12,126
Mid-west,5,12,132
Mid-west,6,11,117
Mid-west,7,10,102
Mid-west,8,9,107
Mid-west,9,8,106
Mid-west,10,7,106
Mid-west,11,6,111
Mid-west,12,8,130
Mid-west,13,7,95
Mid-west,14,12,118
Mid-west,15,11,105
Mid-west,16,13,129
Mid-west,17,8,86
Mid-west,18,9,100
Mid-west,19,10,100
Mid-west,20,9,101
Mid-west,21,6,81
Mid-west,22,6,86
Mid-west,23,6,103
Mid-west,24,4,66
Mid-west,25,6,82
Mid-west,26,9,89
Mid-west,27,10,96
Mid-west,28,10,103
Mid-west,29,12,132
Mid-west,30,10,112
Mid-west,31,11,116
Mid-west,32,10,111
Mid-west,33,8,119
Mid-west,34,8,128
Mid-west,35,7,122
Mid-west,36,8,131
Mid-west,37,10,128
Mid-west,38,11,119
Mid-west,39,14,131
Mid-west,40,13,124
Mid-west,41,11,118
Mid-west,42,11,121
Mid-west,43,12,125
Mid-west,44,12,140
Mid-west,45,9,127
Mid-west,46,9,142
Mid-west,47,8,143
Mid-west,48,9,148
Mid-west,49,12,158
Mid-west,50,14,148
Mid-west,51,18,167
Mid-west,52,16,157
Mid-west,53,15,162
Mid-west,54,14,162
Mid-west,55,16,169
Mid-west,56,15,168
Mid-west,57,14,178
Mid-west,58,10,152
Mid-west,59,10,169
Mid-west,60,8,132
Mid-west,61,12,159
Mid-west,62,14,152
Mid-west,63,17,159
Mid-west,64,16,155
Mid-west,65,11,118
Mid-west,66,12,133
Mid-west,67,14,140
Mid-west,68,10,123
Mid-west,69,14,170
Mid-west,70,9,136
Mid-west,71,8,135
Mid-west,72,7,118
Mid-west,73,9,119
Mid-west,74,11,118
Mid-west,75,12,114
Mid-west,76,13,128
Mid-west,77,12,128
Mid-west,78,12,130
Mid-west,79,10,100
Mid-west,80,8,96
Mid-west,81,8,100
Mid-west,82,7,102
Mid-west,83,4,81
Mid-west,84,5,82
Mid-west,85,6,84
Mid-west,86,7,76
Mid-west,87,7,71
Mid-west,88,6,65
Mid-west,89,7,69
Mid-west,90,7,80
Mid-west,91,11,108
Mid-west,92,8,85
Mid-west,93,8,93
Mid-west,94,5,81
Mid-west,95,4,76
Mid-west,96,4,70
Mid-west,97,4,64
Mid-west,98,7,72
Mid-west,99,6,61
Mid-west,100,6,59
Mid-west,101,6,64
Mid-west,102,5,62
Mid-west,103,6,60
Mid-west,104,5,58
Mid-west,105,4,52
Mid-west,106,3,51
Mid-west,107,2,44
Mid-west,108,3,45
Mid-west,109,3,41
Mid-west,110,4,42
Mid-west,111,3,34
Mid-west,112,5,45
Mid-west,113,5,47
Mid-west,114,4,43
Mid-west,115,5,51
Mid-west,116,6,66
Mid-west,117,4,44
Mid-west,118,4,55
Mid-west,119,3,60
Mid-west,120,4,67
Mid-west,121,4,62
Mid-west,122,7,72
Mid-west,123,7,75
Mid-west,124,8,78
Mid-west,125,8,77
Mid-west,126,6,69
Mid-west,127,6,56
Mid-west,128,6,70
Mid-west,129,6,69
Mid-west,130,6,81
Mid-west,131,4,77
Mid-west,132,5,85
Mid-west,133,5,76
Mid-west,134,7,67
Mid-west,135,9,89
Mid-west,136,8,74
Mid-west,137,7,74
Mid-west,138,6,74
Mid-west,139,7,73
Mid-west,140,7,75
Mid-west,141,6,75
Mid-west,142,5,70
Mid-west,143,4,81
Mid-west,144,5,82
Mid-west,145,6,88
Mid-west,146,9,85
Mid-west,147,7,70
Mid-west,148,9,83
Mid-west,149,8,83
Mid-west,150,8,88
Mid-west,151,8,85
Mid-west,152,7,80
Mid-west,153,6,78
Mid-west,154,6,85
Mid-west,155,5,80
Mid-west,156,5,85
Mid-west,157,6,83
Mid-west,158,10,100
Mid-west,159,11,98
Mid-west,160,12,111
Mid-west,161,8,88
Mid-west,162,8,99
Mid-west,163,7,74
Mid-west,164,8,98
Mid-west,165,8,97
Mid-west,166,5,79
Mid-west,167,7,128
Mid-west,168,5,94
Mid-west,169,9,120
Mid-west,170,11,105
Mid-west,171,12,112
Mid-west,172,9,88
Mid-west,173,9,99
Mid-west,174,8,94
Mid-west,175,8,89
Mid-west,176,6,79
Mid-west,177,8,95
Mid-west,178,6,89
Mid-west,179,6,105
Mid-west,180,5,92
Mid-west,181,8,110
Mid-west,182,9,90
Mid-west,183,10,94
Mid-west,184,10,96
Mid-west,185,9,93
Mid-west,186,8,91
Mid-west,187,9,99
Mid-west,188,8,99
Mid-west,189,9,110
Mid-west,190,7,99
Mid-west,191,5,94
Mid-west,192,6,101
Mid-west,193,8,102
Mid-west,194,10,98
Mid-west,195,11,100
Mid-west,196,10,98
Mid-west,197,9,98
Mid-west,198,11,130
Mid-west,199,9,101
Mid-west,200,8,104
Mid-west,201,8,102
Mid-west,202,8,115
Mid-west,203,5,92
Mid-west,204,6,105
Mid-west,205,6,73
Mid-west,206,10,92
Mid-west,207,10,91
Mid-west,208,9,89
Mid-west,209,9,99
Mid-west,210,8,97
Mid-west,211,8,90
Mid-west,212,7,93
Mid-west,213,6,73
Mid-west,214,6,87
Mid-west,215,5,86
Mid-west,216,4,61
Mid-west,217,8,96
Mid-west,218,10,99
Mid-west,219,10,89
Mid-west,220,10,103
Mid-west,221,9,95
Mid-west,222,7,86
Mid-west,223,8,94
Mid-west,224,7,94
Mid-west,225,8,103
Mid-west,226,7,104
Mid-west,227,5,100
Mid-west,228,9,154
Mid-west,229,12,132
Mid-west,230,12,112
Mid-west,231,11,105
Mid-west,232,11,112
Mid-west,233,9,102
Mid-west,234,9,114
Mid-west,235,12,136
Mid-west,236,10,124
Mid-west,237,9,105
Mid-west,238,8,112
Mid-west,239,6,118
Mid-west,240,7,113
Mid-west,241,9,104
Mid-west,242,11,110
Mid-west,243,13,121
Mid-west,244,11,111
Mid-west,245,11,120
Mid-west,246,10,124
Mid-west,247,10,116
Mid-west,248,10,126
Mid-west,249,12,145
Mid-west,250,9,129
Mid-west,251,11,206
Mid-west,252,8,128
Mid-west,253,11,135
Mid-west,254,13,130
Mid-west,255,13,127
Mid-west,256,12,125
Mid-west,257,11,119
Mid-west,258,9,108
Mid-west,259,10,112
Mid-west,260,9,111
Mid-west,261,11,141
Mid-west,262,9,126
Mid-west,263,7,113
Mid-west,264,7,107
Mid-west,265,9,110
Mid-west,266,12,122
Mid-west,267,13,128
Mid-west,268,12,121
Mid-west,269,12,131
Mid-west,270,11,134
Mid-west,271,12,138
Mid-west,272,10,132
Mid-west,273,10,131
Mid-west,274,9,130
Mid-west,275,7,125
Mid-west,276,10,146
Mid-west,277,11,137
Mid-west,278,13,132
Mid-west,279,13,128
Mid-west,280,14,141
Mid-west,281,12,122
Mid-west,282,12,133
Mid-west,283,14,173
Mid-west,284,10,130
Mid-west,285,9,117
Mid-west,286,9,127
Mid-west,287,9,148
Mid-west,288,9,148
Mid-west,289,10,119
Mid-west,290,13,125
Mid-west,291,14,134
Mid-west,292,13,137
Mid-west,293,15,157
Mid-west,294,13,152
Mid-west,295,12,138
Mid-west,296,10,129
Mid-west,297,11,133
Mid-west,298,12,166
Mid-west,299,9,157
Mid-west,300,10,166
Mid-west,301,15,187
Mid-west,302,18,178
Mid-west,303,16,151
Mid-west,304,14,147
Mid-west,305,17,173
Mid-west,306,13,160
Mid-west,307,13,149
Mid-west,308,13,175
Mid-west,309,13,159
Mid-west,310,12,161
Mid-west,311,11,186
Mid-west,312,10,152
Mid-west,313,14,163
Mid-west,314,16,149
Mid-west,315,17,169
Mid-west,316,17,175
Mid-west,317,16,171
Mid-west,318,15,171
Mid-west,319,16,185
Mid-west,320,12,158
Mid-west,321,15,189
Mid-west,322,13,178
Mid-west,323,9,148
Mid-west,324,9,145
Mid-west,325,14,163
Mid-west,326,18,169
Mid-west,327,14,138
Mid-west,328,14,151
Mid-west,329,14,147
Mid-west,330,15,170
Mid-west,331,12,144
Mid-west,332,12,163
Mid-west,333,13,161
Mid-west,334,11,146
Mid-west,335,10,173
Mid-west,336,11,171
Mid-west,337,14,168
Mid-west,338,19,189
Mid-west,339,16,163
Mid-west,340,14,152
Mid-west,341,16,171
Mid-west,342,13,154
Mid-west,343,13,147
Mid-west,344,12,161
Mid-west,345,12,153
Mid-west,346,13,171
Mid-west,347,10,162
Mid-west,348,12,180
Mid-west,349,15,173
Mid-west,350,16,154
Mid-west,351,17,171
Mid-west,352,17,183
Mid-west,353,15,158
Mid-west,354,16,186
Mid-west,355,18,205
Mid-west,356,15,197
Mid-west,357,14,182
Mid-west,358,16,217
Mid-west,359,15,255
Mid-west,360,12,179
Mid-west,361,15,183
Mid-west,362,17,170
Mid-west,363,17,175
Mid-west,364,15,165
Mid-west,365,18,196
Mid-west,366,20,218
Mid-west,367,23,256
Mid-west,368,15,192
Mid-west,369,16,195
Mid-west,370,12,156
Mid-west,371,11,180
Mid-west,372,14,225
Mid-west,373,16,192
Mid-west,374,19,196
Mid-west,375,20,212
Mid-west,376,19,206
Mid-west,377,18,192
Mid-west,378,20,219
Mid-west,379,19,220
Mid-west,380,17,222
Mid-west,381,20,249
Mid-west,382,12,159
Mid-west,383,15,240
Mid-west,384,12,186
Mid-west,385,15,183
Mid-west,386,21,215
Mid-west,387,20,210
Mid-west,388,22,237
Mid-west,389,22,231
Mid-west,390,19,208
Mid-west,391,17,195
Mid-west,392,17,215
Mid-west,393,15,186
Mid-west,394,13,171
Mid-west,395,13,201
Mid-west,396,11,174
Mid-west,397,15,187
Mid-west,398,16,168
Mid-west,399,16,168
Mid-west,400,17,177
Mid-west,401,16,172
Mid-west,402,12,140
Mid-west,403,13,152
Mid-west,404,11,141
Mid-west,405,11,136
Mid-west,406,11,155
Mid-west,407,12,166
Mid-west,408,11,165
Mid-west,409,10,128
Mid-west,410,12,130
Mid-west,411,11,121
Mid-west,412,14,139
Mid-west,413,11,113
Mid-west,414,9,105
Mid-west,415,11,118
Mid-west,416,8,102
Mid-west,417,10,127
Mid-west,418,6,90
Mid-west,419,5,76
Mid-west,420,5,78
Mid-west,421,6,79
Mid-west,422,7,75
Mid-west,423,8,82
Mid-west,424,7,73
Mid-west,425,7,68
Mid-west,426,6,65
Mid-west,427,7,71
Mid-west,428,5,62
Mid-west,429,5,64
Mid-west,430,4,54
Mid-west,431,4,60
Mid-west,432,3,52
Mid-west,433,4,53
Mid-west,434,4,45
Mid-west,435,4,39
Mid-west,436,5,50
Mid-west,437,6,58
Mid-west,438,5,57
Mid-west,439,5,56
Mid-west,440,5,63
Mid-west,441,4,54
Mid-west,442,5,73
Mid-west,443,3,50
Mid-west,444,4,54
Mid-west,445,4,51
Mid-west,446,5,55
Mid-west,447,5,55
Mid-west,448,4,41
Mid-west,449,4,45
Mid-west,450,4,43
Mid-west,451,3,31
Mid-west,452,4,50
Mid-west,453,3,39
Mid-west,454,2,34
Mid-west,455,3,36
Mid-west,456,3,42
Mid-west,457,2,30
Mid-west,458,3,40
Mid-west,459,4,41
Mid-west,460,4,41
Mid-west,461,5,46
Mid-west,462,4,44
Mid-west,463,5,48
Mid-west,464,4,48
Mid-west,465,4,50
Mid-west,466,4,54
Mid-west,467,4,58
Mid-west,468,3,44
Mid-west,469,4,50
Mid-west,470,4,42
Mid-west,471,5,49
Mid-west,472,4,45
Mid-west,473,5,49
Mid-west,474,5,56
Mid-west,475,5,54
Mid-west,476,3,35
Mid-west,477,4,51
Mid-west,478,3,44
Mid-west,479,3,48
Mid-west,480,4,56
Mid-west,481,5,69
Mid-west,482,5,61
Mid-west,483,6,60
Mid-west,484,7,70
Mid-west,485,6,57
Mid-west,486,5,53
Mid-west,487,5,61
Mid-west,488,5,61
Mid-west,489,6,64
Mid-west,490,4,57
Mid-west,491,4,61
Mid-west,492,3,50
Mid-west,493,4,57
Mid-west,494,5,55
Mid-west,495,7,63
Mid-west,496,7,74
Mid-west,497,5,54
Mid-west,498,5,54
Mid-west,499,5,54
Mid-west,500,5,59
Mid-west,501,6,64
Mid-west,502,4,59
Mid-west,503,4,56
Mid-west,504,4,64
Mid-west,505,4,53
Mid-west,506,5,55
Mid-west,507,7,64
Mid-west,508,6,59
Mid-west,509,6,61
Mid-west,510,5,62
Mid-west,511,5,62
Mid-west,512,5,57
Mid-west,513,5,60
Mid-west,514,4,64
Mid-west,515,5,73
Mid-west,516,4,66
Mid-west,517,4,56
Mid-west,518,6,64
Mid-west,519,6,59
Mid-west,520,7,73
Mid-west,521,7,79
Mid-west,522,7,81
Mid-west,523,6,69
Mid-west,524,6,74
Mid-west,525,6,70
Mid-west,526,5,75
Mid-west,527,4,67
Mid-west,528,5,67
Mid-west,529,6,81
Mid-west,530,7,79
Mid-west,531,7,71
Mid-west,532,6,62
Mid-west,533,6,68
Mid-west,534,6,68
Mid-west,535,6,73
Mid-west,536,6,75
Mid-west,537,6,75
Mid-west,538,5,79
Mid-west,539,4,64
Mid-west,540,6,78
Mid-west,541,6,74
Mid-west,542,8,81
Mid-west,543,9,86
Mid-west,544,8,84
Mid-west,545,6,70
Mid-west,546,6,75
Mid-west,547,6,69
Mid-west,548,7,88
Mid-west,549,5,63
Mid-west,550,5,72
Mid-west,551,4,62
Mid-west,552,4,58
Mid-west,553,6,71
Mid-west,554,8,84
Mid-west,555,7,72
Mid-west,556,7,68
Mid-west,557,6,64
Mid-west,558,6,72
Mid-west,559,5,68
Mid-west,560,5,70
Mid-west,561,6,72
Mid-west,562,5,85
Mid-west,563,5,85
Mid-west,564,7,80
Mid-west,565,6,77
Mid-west,566,7,74
Mid-west,567,8,68
Mid-west,568,7,78
Mid-west,569,8,89
Mid-west,570,11,122
Mid-west,571,8,104
Mid-west,572,8,101
Mid-west,573,9,119
Mid-west,574,7,100
Mid-west,575,7,107
Mid-west,576,9,116
Mid-west,577,8,100
Mid-west,578,11,104
Mid-west,579,10,93
Mid-west,580,9,96
Mid-west,581,9,96
Mid-west,582,6,71
Mid-west,583,5,64
Mid-west,584,5,62
Mid-west,585,6,72
Mid-west,586,4,60
Mid-west,587,6,77
Mid-west,588,8,100
Mid-west,589,7,87
Mid-west,590,8,78
Mid-west,591,7,63
Mid-west,592,5,55
Mid-west,593,6,61
Mid-west,594,4,53
Mid-west,595,5,62
Mid-west,596,5,64
Mid-west,597,4,47
Mid-west,598,3,46
Mid-west,599,4,67
Mid-west,600,5,73
Mid-west,601,6,72
Mid-west,602,7,64
Mid-west,603,7,71
Mid-west,604,7,72
Mid-west,605,5,58
Mid-west,606,8,93
Mid-west,607,6,77
South,0,24,325
South,1,26,312
South,2,27,297
South,3,26,278
South,4,26,261
South,5,25,271
South,6,21,228
South,7,21,222
South,8,17,218
South,9,17,221
South,10,14,216
South,11,13,218
South,12,15,208
South,13,17,210
South,14,21,230
South,15,19,202
South,16,23,232
South,17,22,243
South,18,20,227
South,19,17,183
South,20,16,202
South,21,14,184
South,22,12,177
South,23,10,161
South,24,14,186
South,25,14,174
South,26,18,194
South,27,23,244
South,28,24,247
South,29,17,181
South,30,20,226
South,31,20,223
South,32,16,207
South,33,19,250
South,34,20,298
South,35,16,255
South,36,17,231
South,37,21,263
South,38,20,214
South,39,22,228
South,40,21,219
South,41,21,225
South,42,21,238
South,43,24,269
South,44,21,260
South,45,20,266
South,46,19,279
South,47,19,295
South,48,23,309
South,49,25,318
South,50,34,359
South,51,30,308
South,52,30,309
South,53,27,309
South,54,25,293
South,55,26,291
South,56,28,334
South,57,24,297
South,58,22,325
South,59,23,344
South,60,25,334
South,61,23,302
South,62,31,335
South,63,33,338
South,64,34,359
South,65,31,343
South,66,29,329
South,67,26,275
South,68,28,350
South,69,29,359
South,70,23,340
South,71,22,326
South,72,20,286
South,73,23,300
South,74,30,323
South,75,32,336
South,76,27,286
South,77,26,295
South,78,28,314
South,79,32,350
South,80,25,309
South,81,25,317
South,82,19,277
South,83,15,232
South,84,22,289
South,85,21,261
South,86,22,226
South,87,17,172
South,88,24,252
South,89,25,287
South,90,27,317
South,91,28,316
South,92,23,281
South,93,21,269
South,94,20,280
South,95,18,274
South,96,19,253
South,97,21,270
South,98,26,264
South,99,22,230
South,100,23,241
South,101,18,205
South,102,16,193
South,103,16,185
South,104,13,165
South,105,14,177
South,106,14,193
South,107,16,240
South,108,16,208
South,109,14,177
South,110,21,215
South,111,18,189
South,112,19,208
South,113,17,191
South,114,16,197
South,115,18,212
South,116,19,252
South,117,22,264
South,118,21,294
South,119,17,270
South,120,24,307
South,121,24,290
South,122,30,299
South,123,30,320
South,124,31,327
South,125,30,340
South,126,27,318
South,127,25,302
South,128,25,324
South,129,27,342
South,130,23,326
South,131,28,440
South,132,27,348
South,133,31,366
South,134,30,293
South,135,29,312
South,136,27,290
South,137,27,301
South,138,25,304
South,139,21,257
South,140,27,345
South,141,26,336
South,142,20,286
South,143,19,282
South,144,23,299
South,145,28,334
South,146,34,328
South,147,30,315
South,148,29,311
South,149,30,344
South,150,29,348
South,151,27,329
South,152,26,322
South,153,24,311
South,154,23,329
South,155,22,334
South,156,28,353
South,157,26,303
South,158,41,390
South,159,34,346
South,160,31,339
South,161,29,324
South,162,25,306
South,163,23,286
South,164,24,304
South,165,20,268
South,166,21,312
South,167,20,312
South,168,23,299
South,169,25,290
South,170,30,291
South,171,29,301
South,172,25,267
South,173,24,267
South,174,22,264
South,175,22,263
South,176,22,286
South,177,19,248
South,178,14,210
South,179,16,243
South,180,16,216
South,181,24,271
South,182,30,284
South,183,28,294
South,184,27,289
South,185,25,284
South,186,23,273
South,187,25,284
South,188,21,270
South,189,20,272
South,190,17,251
South,191,17,263
South,192,21,280
South,193,20,237
South,194,21,206
South,195,24,243
South,196,25,276
South,197,23,257
South,198,24,276
South,199,25,278
South,200,20,262
South,201,20,267
South,202,18,263
South,203,16,248
South,204,17,223
South,205,23,266
South,206,23,228
South,207,20,215
South,208,20,213
South,209,21,228
South,210,20,236
South,211,21,240
South,212,16,211
South,213,16,206
South,214,14,207
South,215,13,200
South,216,13,170
South,217,17,201
South,218,22,212
South,219,22,223
South,220,19,211
South,221,19,208
South,222,18,212
South,223,20,222
South,224,15,202
South,225,17,219
South,226,18,260
South,227,15,228
South,228,19,253
South,229,22,258
South,230,25,242
South,231,21,220
South,232,23,256
South,233,23,264
South,234,21,252
South,235,22,255
South,236,22,272
South,237,22,285
South,238,18,273
South,239,18,271
South,240,22,280
South,241,23,275
South,242,26,263
South,243,28,293
South,244,23,251
South,245,26,296
South,246,24,288
South,247,27,294
South,248,26,330
South,249,24,306
South,250,22,326
South,251,21,329
South,252,21,273
South,253,25,293
South,254,33,328
South,255,28,310
South,256,29,312
South,257,23,263
South,258,24,282
South,259,24,270
South,260,23,296
South,261,23,302
South,262,19,275
South,263,20,303
South,264,22,282
South,265,23,265
South,266,27,267
South,267,24,266
South,268,26,288
South,269,26,299
South,270,31,378
South,271,28,309
South,272,24,305
South,273,25,314
South,274,21,298
South,275,20,306
South,276,24,307
South,277,31,346
South,278,32,329
South,279,30,326
South,280,32,354
South,281,28,320
South,282,29,343
South,283,33,364
South,284,27,343
South,285,26,334
South,286,25,354
South,287,23,350
South,288,29,377
South,289,33,382
South,290,36,375
South,291,30,325
South,292,31,342
South,293,31,352
South,294,30,344
South,295,34,383
South,296,31,388
South,297,28,368
South,298,27,386
South,299,24,354
South,300,32,413
South,301,30,348
South,302,34,354
South,303,37,401
South,304,34,374
South,305,39,433
South,306,35,408
South,307,34,378
South,308,30,382
South,309,31,399
South,310,31,447
South,311,29,434
South,312,32,402
South,313,37,406
South,314,36,385
South,315,36,406
South,316,36,400
South,317,37,423
South,318,36,409
South,319,33,380
South,320,29,372
South,321,28,377
South,322,27,378
South,323,27,393
South,324,33,397
South,325,37,401
South,326,38,395
South,327,36,399
South,328,37,408
South,329,33,380
South,330,35,402
South,331,33,395
South,332,32,421
South,333,31,420
South,334,30,418
South,335,31,449
South,336,35,435
South,337,40,447
South,338,43,439
South,339,38,436
South,340,40,444
South,341,37,415
South,342,37,424
South,343,36,423
South,344,33,429
South,345,33,440
South,346,35,472
South,347,33,464
South,348,32,399
South,349,40,450
South,350,41,430
South,351,39,438
South,352,39,442
South,353,37,442
South,354,39,456
South,355,43,471
South,356,38,488
South,357,35,465
South,358,34,454
South,359,34,470
South,360,37,459
South,361,39,447
South,362,47,487
South,363,40,473
South,364,50,519
South,365,48,549
South,366,47,557
South,367,48,558
South,368,42,523
South,369,40,547
South,370,37,527
South,371,36,515
South,372,46,545
South,373,47,532
South,374,59,620
South,375,47,540
South,376,53,576
South,377,50,575
South,378,44,490
South,379,47,551
South,380,42,553
South,381,40,537
South,382,44,597
South,383,43,616
South,384,50,618
South,385,56,697
South,386,62,669
South,387,54,597
South,388,55,593
South,389,55,620
South,390,54,645
South,391,56,628
South,392,51,643
South,393,51,668
South,394,46,636
South,395,49,644
South,396,47,600
South,397,46,562
South,398,55,584
South,399,52,609
South,400,54,581
South,401,51,561
South,402,43,499
South,403,49,577
South,404,44,562
South,405,40,517
South,406,39,545
South,407,39,510
South,408,38,496
South,409,36,445
South,410,40,413
South,411,43,475
South,412,39,420
South,413,41,440
South,414,36,415
South,415,31,362
South,416,27,350
South,417,30,386
South,418,25,349
South,419,26,354
South,420,24,342
South,421,26,324
South,422,28,306
South,423,25,287
South,424,27,286
South,425,25,274
South,426,24,257
South,427,21,246
South,428,20,246
South,429,17,210
South,430,15,207
South,431,14,192
South,432,14,186
South,433,17,217
South,434,18,198
South,435,18,201
South,436,19,210
South,437,19,195
South,438,20,215
South,439,19,218
South,440,14,192
South,441,18,215
South,442,14,191
South,443,13,182
South,444,12,171
South,445,13,166
South,446,19,199
South,447,21,231
South,448,14,149
South,449,16,170
South,450,16,167
South,451,12,153
South,452,12,162
South,453,13,172
South,454,12,162
South,455,12,168
South,456,11,158
South,457,13,162
South,458,16,164
South,459,16,166
South,460,16,173
South,461,16,170
South,462,15,167
South,463,13,163
South,464,13,170
South,465,13,165
South,466,13,182
South,467,13,178
South,468,13,190
South,469,16,196
South,470,20,200
South,471,16,181
South,472,18,191
South,473,18,188
South,474,16,180
South,475,14,187
South,476,16,214
South,477,14,175
South,478,17,221
South,479,16,222
South,480,16,220
South,481,17,211
South,482,22,234
South,483,24,251
South,484,22,236
South,485,23,259
South,486,17,195
South,487,16,207
South,488,17,222
South,489,21,260
South,490,19,250
South,491,18,252
South,492,19,247
South,493,21,251
South,494,23,237
South,495,21,225
South,496,22,232
South,497,21,233
South,498,20,226
South,499,19,246
South,500,20,258
South,501,21,266
South,502,17,229
South,503,20,285
South,504,23,292
South,505,28,327
South,506,26,274
South,507,28,302
South,508,26,281
South,509,24,273
South,510,24,288
South,511,23,298
South,512,20,264
South,513,22,269
South,514,20,270
South,515,21,295
South,516,22,283
South,517,26,292
South,518,29,308
South,519,31,331
South,520,29,317
South,521,28,321
South,522,32,364
South,523,26,340
South,524,25,316
South,525,27,329
South,526,22,302
South,527,21,297
South,528,26,335
South,529,28,322
South,530,33,336
South,531,31,339
South,532,32,360
South,533,30,332
South,534,26,314
South,535,24,308
South,536,28,357
South,537,28,358
South,538,27,367
South,539,25,347
South,540,25,305
South,541,30,344
South,542,37,379
South,543,33,356
South,544,36,384
South,545,31,361
South,546,30,356
South,547,26,329
South,548,26,324
South,549,24,308
South,550,27,380
South,551,24,342
South,552,29,356
South,553,33,366
South,554,38,387
South,555,34,374
South,556,35,372
South,557,39,469
South,558,34,403
South,559,34,432
South,560,34,433
South,561,33,427
South,562,29,410
South,563,27,376
South,564,30,359
South,565,34,378
South,566,35,356
South,567,29,324
South,568,38,402
South,569,47,564
South,570,50,595
South,571,48,609
South,572,45,572
South,573,44,580
South,574,38,530
South,575,37,512
South,576,45,525
South,577,39,422
South,578,52,535
South,579,43,481
South,580,36,385
South,581,34,415
South,582,38,456
South,583,33,420
South,584,35,453
South,585,30,405
South,586,32,451
South,587,35,478
South,588,40,455
South,589,41,442
South,590,39,403
South,591,32,359
South,592,36,386
South,593,31,379
South,594,29,354
South,595,33,422
South,596,27,351
South,597,27,369
South,598,26,368
South,599,30,404
South,600,36,414
South,601,38,408
South,602,36,374
South,603,36,419
South,604,40,425
South,605,37,439
South,606,34,414
South,607,30,383
West,0,15,192
West,1,16,180
West,2,17,183
West,3,16,172
West,4,17,183
West,5,15,156
West,6,14,160
West,7,13,141
West,8,11,139
West,9,10,144
West,10,10,143
West,11,7,135
West,12,9,115
West,13,14,156
West,14,15,146
West,15,16,160
West,16,14,150
West,17,12,131
West,18,12,135
West,19,13,144
West,20,11,147
West,21,10,132
West,22,9,132
West,23,5,94
West,24,9,114
West,25,9,100
West,26,11,125
West,27,15,139
West,28,14,152
West,29,14,169
West,30,14,159
West,31,16,170
West,32,13,166
West,33,12,162
West,34,12,174
West,35,11,206
West,36,13,165
West,37,17,182
West,38,17,186
West,39,19,180
West,40,14,164
West,41,18,185
West,42,18,216
West,43,17,185
West,44,18,227
West,45,19,240
West,46,16,241
West,47,15,257
West,48,21,280
West,49,26,290
West,50,30,288
West,51,23,234
West,52,22,245
West,53,23,251
West,54,18,221
West,55,23,259
West,56,21,249
West,57,19,259
West,58,17,252
West,59,14,251
West,60,21,263
West,61,22,248
West,62,24,253
West,63,27,282
West,64,24,271
West,65,26,282
West,66,20,246
West,67,25,265
West,68,22,265
West,69,21,280
West,70,16,250
West,71,15,245
West,72,20,247
West,73,22,249
West,74,26,279
West,75,21,225
West,76,21,241
West,77,18,207
West,78,19,211
West,79,20,214
West,80,22,266
West,81,14,181
West,82,10,159
West,83,11,190
West,84,14,170
West,85,13,141
West,86,11,123
West,87,9,91
West,88,10,117
West,89,14,156
West,90,16,190
West,91,16,171
West,92,14,167
West,93,11,136
West,94,10,148
West,95,8,131
West,96,11,135
West,97,12,132
West,98,12,128
West,99,12,127
West,100,11,118
West,101,9,97
West,102,10,118
West,103,8,93
West,104,6,77
West,105,8,101
West,106,6,86
West,107,8,127
West,108,7,87
West,109,8,85
West,110,7,76
West,111,7,74
West,112,8,85
West,113,9,97
West,114,7,93
West,115,10,106
West,116,8,106
West,117,9,118
West,118,10,145
West,119,8,133
West,120,12,138
West,121,13,142
West,122,14,152
West,123,16,166
West,124,17,182
West,125,13,148
West,126,12,140
West,127,12,136
West,128,11,139
West,129,11,149
West,130,11,162
West,131,11,174
West,132,15,182
West,133,17,178
West,134,17,177
West,135,17,177
West,136,16,164
West,137,13,144
West,138,11,138
West,139,11,136
West,140,11,147
West,141,13,172
West,142,10,152
West,143,10,159
West,144,14,163
West,145,14,153
West,146,17,165
West,147,15,148
West,148,17,178
West,149,15,177
West,150,16,211
West,151,14,172
West,152,13,183
West,153,14,177
West,154,12,187
West,155,11,173
West,156,14,168
West,157,18,206
West,158,24,237
West,159,25,242
West,160,18,196
West,161,18,206
West,162,14,180
West,163,12,154
West,164,16,212
West,165,15,180
West,166,12,178
West,167,13,210
West,168,15,179
West,169,17,195
West,170,21,203
West,171,20,205
West,172,17,185
West,173,15,173
West,174,15,185
West,175,16,194
West,176,13,174
West,177,16,190
West,178,12,175
West,179,11,172
West,180,15,178
West,181,15,164
West,182,19,189
West,183,19,202
West,184,18,197
West,185,20,222
West,186,17,213
West,187,17,203
West,188,18,237
West,189,19,240
West,190,15,220
West,191,12,199
West,192,17,213
West,193,17,195
West,194,16,154
West,195,18,184
West,196,18,194
West,197,19,214
West,198,18,229
West,199,20,223
West,200,16,210
West,201,15,191
West,202,14,212
West,203,13,203
West,204,15,194
West,205,16,183
West,206,16,163
West,207,14,148
West,208,14,158
West,209,13,143
West,210,11,137
West,211,12,137
West,212,10,135
West,213,9,114
West,214,8,126
West,215,8,121
West,216,9,119
West,217,12,134
West,218,15,146
West,219,13,136
West,220,13,145
West,221,14,155
West,222,12,148
West,223,13,148
West,224,10,135
West,225,10,135
West,226,10,157
West,227,11,166
West,228,16,204
West,229,17,182
West,230,15,147
West,231,16,169
West,232,12,124
West,233,13,155
West,234,16,197
West,235,15,174
West,236,14,170
West,237,14,175
West,238,11,164
West,239,12,184
West,240,12,150
West,241,14,157
West,242,17,176
West,243,17,185
West,244,18,196
West,245,16,171
West,246,15,183
West,247,16,179
West,248,17,209
West,249,15,196
West,250,17,262
West,251,14,227
West,252,13,168
West,253,19,209
West,254,22,224
West,255,18,192
West,256,18,192
West,257,16,185
West,258,16,188
West,259,18,201
West,260,15,187
West,261,16,206
West,262,12,181
West,263,10,165
West,264,14,173
West,265,11,126
West,266,16,165
West,267,16,173
West,268,20,211
West,269,19,219
West,270,17,198
West,271,19,206
West,272,17,206
West,273,15,198
West,274,13,189
West,275,12,195
West,276,17,213
West,277,21,228
West,278,20,209
West,279,21,222
West,280,19,198
West,281,18,202
West,282,18,209
West,283,19,207
West,284,17,208
West,285,15,191
West,286,14,213
West,287,13,220
West,288,15,197
West,289,18,204
West,290,24,240
West,291,19,202
West,292,18,198
West,293,19,213
West,294,21,243
West,295,19,221
West,296,20,252
West,297,18,227
West,298,16,227
West,299,13,205
West,300,17,220
West,301,22,241
West,302,21,217
West,303,22,226
West,304,25,270
West,305,21,235
West,306,20,237
West,307,21,243
West,308,18,228
West,309,20,258
West,310,20,292
West,311,15,252
West,312,20,243
West,313,18,201
West,314,25,258
West,315,25,266
West,316,21,243
West,317,23,262
West,318,20,235
West,319,21,234
West,320,18,221
West,321,19,237
West,322,17,244
West,323,16,249
West,324,20,255
West,325,20,222
West,326,26,261
West,327,22,229
West,328,20,228
West,329,17,193
West,330,22,251
West,331,22,246
West,332,20,259
West,333,20,265
West,334,17,248
West,335,19,296
West,336,22,274
West,337,25,278
West,338,24,236
West,339,23,240
West,340,21,234
West,341,21,235
West,342,20,230
West,343,20,231
West,344,16,212
West,345,16,211
West,346,14,211
West,347,18,280
West,348,18,234
West,349,23,259
West,350,27,274
West,351,25,269
West,352,25,283
West,353,26,286
West,354,22,251
West,355,25,283
West,356,21,276
West,357,23,298
West,358,20,290
West,359,17,268
West,360,22,284
West,361,23,257
West,362,25,250
West,363,27,289
West,364,29,322
West,365,33,371
West,366,26,310
West,367,28,314
West,368,25,328
West,369,25,318
West,370,22,322
West,371,21,336
West,372,23,292
West,373,31,351
West,374,38,374
West,375,33,349
West,376,33,357
West,377,30,339
West,378,27,325
West,379,30,339
West,380,28,358
West,381,33,415
West,382,23,341
West,383,20,320
West,384,25,332
West,385,31,354
West,386,37,366
West,387,33,354
West,388,34,365
West,389,30,340
West,390,36,436
West,391,31,352
West,392,25,324
West,393,32,404
West,394,22,322
West,395,20,325
West,396,26,335
West,397,22,247
West,398,31,305
West,399,27,290
West,400,25,263
West,401,25,278
West,402,22,263
West,403,19,218
West,404,20,251
West,405,20,250
West,406,16,237
West,407,15,249
West,408,13,170
West,409,18,205
West,410,21,202
West,411,20,206
West,412,19,200
West,413,15,175
West,414,18,210
West,415,13,160
West,416,14,171
West,417,12,152
West,418,10,150
West,419,8,135
West,420,11,157
West,421,12,147
West,422,12,124
West,423,12,127
West,424,11,114
West,425,10,111
West,426,11,116
West,427,8,90
West,428,8,100
West,429,7,84
West,430,6,89
West,431,6,95
West,432,5,70
West,433,6,71
West,434,7,75
West,435,7,77
West,436,9,90
West,437,10,106
West,438,9,97
West,439,9,108
West,440,8,96
West,441,8,95
West,442,5,78
West,443,5,81
West,444,5,80
West,445,7,88
West,446,9,95
West,447,10,102
West,448,6,62
West,449,5,56
West,450,4,45
West,451,6,68
West,452,6,69
West,453,4,49
West,454,4,69
West,455,6,100
West,456,5,74
West,457,5,60
West,458,7,73
West,459,8,78
West,460,7,73
West,461,6,69
West,462,6,62
West,463,5,64
West,464,5,67
West,465,7,82
West,466,5,76
West,467,5,85
West,468,5,77
West,469,8,93
West,470,8,80
West,471,10,95
West,472,10,98
West,473,10,107
West,474,9,102
West,475,9,107
West,476,8,99
West,477,8,107
West,478,6,95
West,479,6,99
West,480,10,141
West,481,11,130
West,482,11,112
West,483,10,101
West,484,10,95
West,485,11,119
West,486,8,97
West,487,7,82
West,488,7,95
West,489,7,89
West,490,7,106
West,491,7,97
West,492,8,116
West,493,8,89
West,494,9,87
West,495,9,94
West,496,11,109
West,497,10,105
West,498,8,100
West,499,10,126
West,500,9,121
West,501,9,121
West,502,8,123
West,503,9,125
West,504,11,145
West,505,12,132
West,506,13,131
West,507,12,124
West,508,13,136
West,509,11,119
West,510,10,128
West,511,10,126
West,512,8,115
West,513,9,120
West,514,9,143
West,515,10,148
West,516,10,123
West,517,13,141
West,518,13,128
West,519,14,147
West,520,14,147
West,521,12,129
West,522,12,147
West,523,12,144
West,524,10,136
West,525,11,140
West,526,11,164
West,527,11,160
West,528,11,130
West,529,14,152
West,530,17,177
West,531,14,151
West,532,16,169
West,533,16,175
West,534,12,148
West,535,11,141
West,536,12,164
West,537,11,148
West,538,15,223
West,539,13,183
West,540,14,174
West,541,15,161
West,542,18,185
West,543,16,168
West,544,15,160
West,545,14,156
West,546,14,172
West,547,13,164
West,548,12,155
West,549,12,159
West,550,10,141
West,551,9,115
West,552,13,149
West,553,16,171
West,554,20,209
West,555,20,216
West,556,12,140
West,557,18,202
West,558,13,161
West,559,15,187
West,560,13,177
West,561,15,199
West,562,13,180
West,563,14,193
West,564,19,214
West,565,19,206
West,566,15,157
West,567,14,155
West,568,16,184
West,569,20,224
West,570,20,258
West,571,21,269
West,572,21,276
West,573,22,287
West,574,14,198
West,575,16,213
West,576,19,213
West,577,19,208
West,578,16,167
West,579,17,194
West,580,17,195
West,581,15,175
West,582,16,205
West,583,14,174
West,584,15,195
West,585,13,172
West,586,16,227
West,587,18,239
West,588,20,226
West,589,18,196
West,590,17,175
West,591,13,144
West,592,15,176
West,593,9,106
West,594,9,113
West,595,10,127
West,596,9,122
West,597,9,122
West,598,10,139
West,599,10,131
West,600,11,121
West,601,11,122
West,602,14,149
West,603,14,155
West,604,17,181
West,605,13,154
West,606,16,202
West,607,15,183
