Period,Region,houses_sold_not_seas_adj,houses_sold_annualized_seas_adj
Jan 1973,North-east,7,127
Feb 1973,North-east,7,108
Mar 1973,North-east,9,103
Apr 1973,North-east,9,96
May 1973,North-east,9,90
Jun 1973,North-east,9,91
Jul 1973,North-east,8,95
Aug 1973,North-east,9,101
Sep 1973,North-east,9,98
Oct 1973,North-east,8,94
Nov 1973,North-east,6,82
Dec 1973,North-east,3,56
Jan 1974,North-east,4,70
Feb 1974,North-east,5,79
Mar 1974,North-east,7,78
Apr 1974,North-east,7,77
May 1974,North-east,8,79
Jun 1974,North-east,8,74
Jul 1974,North-east,6,73
Aug 1974,North-east,6,66
Sep 1974,North-east,6,60
Oct 1974,North-east,4,52
Nov 1974,North-east,4,56
Dec 1974,North-east,4,60
Jan 1975,North-east,3,49
Feb 1975,North-east,4,65
Mar 1975,North-east,6,70
Apr 1975,North-east,6,64
May 1975,North-east,8,76
Jun 1975,North-east,8,76
Jul 1975,North-east,6,72
Aug 1975,North-east,5,56
Sep 1975,North-east,6,72
Oct 1975,North-east,7,79
Nov 1975,North-east,6,80
Dec 1975,North-east,5,85
Jan 1976,North-east,4,76
Feb 1976,North-east,5,72
Mar 1976,North-east,6,72
Apr 1976,North-east,7,73
May 1976,North-east,7,63
Jun 1976,North-east,7,63
Jul 1976,North-east,8,88
Aug 1976,North-east,6,69
Sep 1976,North-east,6,69
Oct 1976,North-east,6,75
Nov 1976,North-east,5,73
Dec 1976,North-east,5,73
Jan 1977,North-east,5,89
Feb 1977,North-east,5,73
Mar 1977,North-east,7,78
Apr 1977,North-east,9,90
May 1977,North-east,10,96
Jun 1977,North-east,9,84
Jul 1977,North-east,7,79
Aug 1977,North-east,8,89
Sep 1977,North-east,8,91
Oct 1977,North-east,7,85
Nov 1977,North-east,7,101
Dec 1977,North-east,4,72
Jan 1978,North-east,3,66
Feb 1978,North-east,6,83
Mar 1978,North-east,6,75
Apr 1978,North-east,8,85
May 1978,North-east,7,72
Jun 1978,North-east,9,90
Jul 1978,North-east,7,82
Aug 1978,North-east,7,76
Sep 1978,North-east,7,75
Oct 1978,North-east,6,63
Nov 1978,North-east,5,72
Dec 1978,North-east,6,98
Jan 1979,North-east,6,103
Feb 1979,North-east,4,54
Mar 1979,North-east,6,73
Apr 1979,North-east,7,73
May 1979,North-east,7,73
Jun 1979,North-east,7,70
Jul 1979,North-east,5,60
Aug 1979,North-east,6,65
Sep 1979,North-east,5,57
Oct 1979,North-east,7,72
Nov 1979,North-east,4,59
Dec 1979,North-east,4,56
Jan 1980,North-east,3,51
Feb 1980,North-east,4,55
Mar 1980,North-east,4,49
Apr 1980,North-east,3,35
May 1980,North-east,3,35
Jun 1980,North-east,4,39
Jul 1980,North-east,4,49
Aug 1980,North-east,6,64
Sep 1980,North-east,6,63
Oct 1980,North-east,6,63
Nov 1980,North-east,4,52
Dec 1980,North-east,3,51
Jan 1981,North-east,3,53
Feb 1981,North-east,3,45
Mar 1981,North-east,4,50
Apr 1981,North-east,5,52
May 1981,North-east,5,49
Jun 1981,North-east,5,48
Jul 1981,North-east,5,57
Aug 1981,North-east,4,40
Sep 1981,North-east,3,38
Oct 1981,North-east,2,26
Nov 1981,North-east,4,51
Dec 1981,North-east,3,46
Jan 1982,North-east,2,29
Feb 1982,North-east,4,61
Mar 1982,North-east,3,42
Apr 1982,North-east,4,43
May 1982,North-east,4,46
Jun 1982,North-east,4,36
Jul 1982,North-east,3,42
Aug 1982,North-east,3,38
Sep 1982,North-east,5,58
Oct 1982,North-east,5,54
Nov 1982,North-east,4,59
Dec 1982,North-east,4,58
Jan 1983,North-east,4,71
Feb 1983,North-east,5,68
Mar 1983,North-east,6,73
Apr 1983,North-east,7,78
May 1983,North-east,7,77
Jun 1983,North-east,9,85
Jul 1983,North-east,7,79
Aug 1983,North-east,7,77
Sep 1983,North-east,6,76
Oct 1983,North-east,7,71
Nov 1983,North-east,6,75
Dec 1983,North-east,5,82
Jan 1984,North-east,5,76
Feb 1984,North-east,5,76
Mar 1984,North-east,9,105
Apr 1984,North-east,6,61
May 1984,North-east,8,87
Jun 1984,North-east,11,111
Jul 1984,North-east,9,102
Aug 1984,North-east,9,102
Sep 1984,North-east,8,94
Oct 1984,North-east,9,104
Nov 1984,North-east,7,90
Dec 1984,North-east,5,75
Jan 1985,North-east,7,101
Feb 1985,North-east,7,108
Mar 1985,North-east,8,92
Apr 1985,North-east,8,87
May 1985,North-east,10,106
Jun 1985,North-east,11,118
Jul 1985,North-east,10,120
Aug 1985,North-east,12,140
Sep 1985,North-east,8,92
Oct 1985,North-east,8,89
Nov 1985,North-east,10,133
Dec 1985,North-east,9,135
Jan 1986,North-east,8,127
Feb 1986,North-east,9,135
Mar 1986,North-east,14,153
Apr 1986,North-east,15,170
May 1986,North-east,14,144
Jun 1986,North-east,11,111
Jul 1986,North-east,10,112
Aug 1986,North-east,9,107
Sep 1986,North-east,13,149
Oct 1986,North-east,11,124
Nov 1986,North-east,10,138
Dec 1986,North-east,9,134
Jan 1987,North-east,10,136
Feb 1987,North-east,9,127
Mar 1987,North-east,11,114
Apr 1987,North-east,10,116
May 1987,North-east,11,111
Jun 1987,North-east,9,98
Jul 1987,North-east,10,115
Aug 1987,North-east,9,111
Sep 1987,North-east,10,128
Oct 1987,North-east,10,118
Nov 1987,North-east,12,152
Dec 1987,North-east,5,75
Jan 1988,North-east,7,99
Feb 1988,North-east,8,118
Mar 1988,North-east,11,106
Apr 1988,North-east,10,109
May 1988,North-east,10,103
Jun 1988,North-east,11,119
Jul 1988,North-east,9,102
Aug 1988,North-east,8,102
Sep 1988,North-east,7,97
Oct 1988,North-east,8,95
Nov 1988,North-east,5,58
Dec 1988,North-east,7,102
Jan 1989,North-east,8,125
Feb 1989,North-east,6,87
Mar 1989,North-east,11,108
Apr 1989,North-east,7,82
May 1989,North-east,9,88
Jun 1989,North-east,7,72
Jul 1989,North-east,9,96
Aug 1989,North-east,7,94
Sep 1989,North-east,5,63
Oct 1989,North-east,7,85
Nov 1989,North-east,8,95
Dec 1989,North-east,7,88
Jan 1990,North-east,7,97
Feb 1990,North-east,4,69
Mar 1990,North-east,9,91
Apr 1990,North-east,8,88
May 1990,North-east,7,74
Jun 1990,North-east,7,75
Jul 1990,North-east,6,71
Aug 1990,North-east,5,62
Sep 1990,North-east,4,57
Oct 1990,North-east,6,72
Nov 1990,North-east,6,72
Dec 1990,North-east,5,56
Jan 1991,North-east,3,52
Feb 1991,North-east,3,51
Mar 1991,North-east,5,50
Apr 1991,North-east,5,60
May 1991,North-east,5,58
Jun 1991,North-east,5,58
Jul 1991,North-east,6,65
Aug 1991,North-east,5,62
Sep 1991,North-east,5,57
Oct 1991,North-east,6,67
Nov 1991,North-east,5,55
Dec 1991,North-east,5,64
Jan 1992,North-east,4,64
Feb 1992,North-east,4,67
Mar 1992,North-east,5,51
Apr 1992,North-east,5,52
May 1992,North-east,6,63
Jun 1992,North-east,7,75
Jul 1992,North-east,6,64
Aug 1992,North-east,6,70
Sep 1992,North-east,7,83
Oct 1992,North-east,5,56
Nov 1992,North-east,5,66
Dec 1992,North-east,6,77
Jan 1993,North-east,3,53
Feb 1993,North-east,4,68
Mar 1993,North-east,5,53
Apr 1993,North-east,9,102
May 1993,North-east,6,68
Jun 1993,North-east,6,66
Jul 1993,North-east,5,59
Aug 1993,North-east,5,56
Sep 1993,North-east,5,60
Oct 1993,North-east,5,57
Nov 1993,North-east,4,53
Dec 1993,North-east,4,51
Jan 1994,North-east,3,50
Feb 1994,North-east,3,49
Mar 1994,North-east,5,65
Apr 1994,North-east,5,62
May 1994,North-east,6,63
Jun 1994,North-east,5,54
Jul 1994,North-east,4,51
Aug 1994,North-east,7,72
Sep 1994,North-east,7,83
Oct 1994,North-east,6,67
Nov 1994,North-east,5,64
Dec 1994,North-east,4,49
Jan 1995,North-east,4,64
Feb 1995,North-east,4,58
Mar 1995,North-east,5,62
Apr 1995,North-east,5,55
May 1995,North-east,5,54
Jun 1995,North-east,7,77
Jul 1995,North-east,5,54
Aug 1995,North-east,4,49
Sep 1995,North-east,4,36
Oct 1995,North-east,5,54
Nov 1995,North-east,3,46
Dec 1995,North-east,6,83
Jan 1996,North-east,3,47
Feb 1996,North-east,5,57
Mar 1996,North-east,4,51
Apr 1996,North-east,6,60
May 1996,North-east,5,54
Jun 1996,North-east,7,77
Jul 1996,North-east,7,84
Aug 1996,North-east,8,82
Sep 1996,North-east,9,89
Oct 1996,North-east,6,77
Nov 1996,North-east,6,77
Dec 1996,North-east,6,88
Jan 1997,North-east,7,107
Feb 1997,North-east,9,96
Mar 1997,North-east,8,91
Apr 1997,North-east,8,83
May 1997,North-east,8,83
Jun 1997,North-east,7,71
Jul 1997,North-east,6,66
Aug 1997,North-east,7,73
Sep 1997,North-east,6,71
Oct 1997,North-east,5,72
Nov 1997,North-east,6,85
Dec 1997,North-east,5,76
Jan 1998,North-east,5,73
Feb 1998,North-east,8,90
Mar 1998,North-east,8,87
Apr 1998,North-east,8,87
May 1998,North-east,9,95
Jun 1998,North-east,8,82
Jul 1998,North-east,6,72
Aug 1998,North-east,7,77
Sep 1998,North-east,7,78
Oct 1998,North-east,6,77
Nov 1998,North-east,7,95
Dec 1998,North-east,5,76
Jan 1999,North-east,5,78
Feb 1999,North-east,7,78
Mar 1999,North-east,6,71
Apr 1999,North-east,7,77
May 1999,North-east,6,70
Jun 1999,North-east,6,67
Jul 1999,North-east,7,85
Aug 1999,North-east,8,94
Sep 1999,North-east,6,75
Oct 1999,North-east,5,69
Nov 1999,North-east,5,63
Dec 1999,North-east,6,83
Jan 2000,North-east,5,76
Feb 2000,North-east,7,70
Mar 2000,North-east,7,75
Apr 2000,North-east,7,75
May 2000,North-east,6,70
Jun 2000,North-east,7,73
Jul 2000,North-east,5,64
Aug 2000,North-east,6,63
Sep 2000,North-east,6,69
Oct 2000,North-east,6,87
Nov 2000,North-east,5,68
Dec 2000,North-east,5,65
Jan 2001,North-east,4,56
Feb 2001,North-east,7,70
Mar 2001,North-east,7,75
Apr 2001,North-east,7,70
May 2001,North-east,5,55
Jun 2001,North-east,5,61
Jul 2001,North-east,6,72
Aug 2001,North-east,6,65
Sep 2001,North-east,4,51
Oct 2001,North-east,5,67
Nov 2001,North-east,5,70
Dec 2001,North-east,5,73
Jan 2002,North-east,5,67
Feb 2002,North-east,6,66
Mar 2002,North-east,6,65
Apr 2002,North-east,6,58
May 2002,North-east,6,70
Jun 2002,North-east,6,71
Jul 2002,North-east,5,63
Aug 2002,North-east,5,55
Sep 2002,North-east,8,83
Oct 2002,North-east,5,61
Nov 2002,North-east,4,63
Dec 2002,North-east,4,55
Jan 2003,North-east,6,77
Feb 2003,North-east,4,49
Mar 2003,North-east,9,92
Apr 2003,North-east,7,75
May 2003,North-east,6,72
Jun 2003,North-east,8,77
Jul 2003,North-east,6,83
Aug 2003,North-east,6,78
Sep 2003,North-east,8,88
Oct 2003,North-east,7,84
Nov 2003,North-east,6,88
Dec 2003,North-east,7,98
Jan 2004,North-east,7,103
Feb 2004,North-east,8,84
Mar 2004,North-east,8,86
Apr 2004,North-east,9,85
May 2004,North-east,10,102
Jun 2004,North-east,6,74
Jul 2004,North-east,4,54
Aug 2004,North-east,6,65
Sep 2004,North-east,7,81
Oct 2004,North-east,8,104
Nov 2004,North-east,6,82
Dec 2004,North-east,5,66
Jan 2005,North-east,4,67
Feb 2005,North-east,7,85
Mar 2005,North-east,7,78
Apr 2005,North-east,9,99
May 2005,North-east,9,91
Jun 2005,North-east,8,83
Jul 2005,North-east,8,100
Aug 2005,North-east,6,80
Sep 2005,North-east,6,62
Oct 2005,North-east,6,78
Nov 2005,North-east,6,85
Dec 2005,North-east,5,69
Jan 2006,North-east,4,65
Feb 2006,North-east,6,65
Mar 2006,North-east,6,59
Apr 2006,North-east,5,56
May 2006,North-east,6,65
Jun 2006,North-east,6,63
Jul 2006,North-east,5,63
Aug 2006,North-east,7,88
Sep 2006,North-east,5,62
Oct 2006,North-east,3,38
Nov 2006,North-east,5,66
Dec 2006,North-east,5,73
Jan 2007,North-east,4,60
Feb 2007,North-east,4,50
Mar 2007,North-east,7,88
Apr 2007,North-east,9,85
May 2007,North-east,8,83
Jun 2007,North-east,6,65
Jul 2007,North-east,4,48
Aug 2007,North-east,5,59
Sep 2007,North-east,5,63
Oct 2007,North-east,5,62
Nov 2007,North-east,4,52
Dec 2007,North-east,4,54
Jan 2008,North-east,3,50
Feb 2008,North-east,3,43
Mar 2008,North-east,2,30
Apr 2008,North-east,4,40
May 2008,North-east,3,31
Jun 2008,North-east,3,34
Jul 2008,North-east,3,39
Aug 2008,North-east,2,28
Sep 2008,North-east,2,25
Oct 2008,North-east,3,35
Nov 2008,North-east,3,39
Dec 2008,North-east,2,30
Jan 2009,North-east,2,28
Feb 2009,North-east,2,31
Mar 2009,North-east,2,21
Apr 2009,North-east,2,20
May 2009,North-east,2,26
Jun 2009,North-east,3,34
Jul 2009,North-east,4,42
Aug 2009,North-east,3,36
Sep 2009,North-east,3,35
Oct 2009,North-east,3,32
Nov 2009,North-east,2,33
Dec 2009,North-east,3,39
Jan 2010,North-east,3,40
Feb 2010,North-east,2,31
Mar 2010,North-east,3,32
Apr 2010,North-east,4,34
May 2010,North-east,3,28
Jun 2010,North-east,3,34
Jul 2010,North-east,3,28
Aug 2010,North-east,3,30
Sep 2010,North-east,3,36
Oct 2010,North-east,3,31
Nov 2010,North-east,2,22
Dec 2010,North-east,2,22
Jan 2011,North-east,2,33
Feb 2011,North-east,1,18
Mar 2011,North-east,2,23
Apr 2011,North-east,3,25
May 2011,North-east,2,18
Jun 2011,North-east,1,16
Jul 2011,North-east,2,23
Aug 2011,North-east,2,24
Sep 2011,North-east,2,19
Oct 2011,North-east,2,19
Nov 2011,North-east,1,16
Dec 2011,North-east,1,20
Jan 2012,North-east,2,24
Feb 2012,North-east,2,27
Mar 2012,North-east,3,32
Apr 2012,North-east,3,29
May 2012,North-east,3,36
Jun 2012,North-east,1,16
Jul 2012,North-east,3,31
Aug 2012,North-east,2,27
Sep 2012,North-east,3,37
Oct 2012,North-east,2,25
Nov 2012,North-east,2,32
Dec 2012,North-east,2,30
Jan 2013,North-east,2,29
Feb 2013,North-east,3,37
Mar 2013,North-east,3,37
Apr 2013,North-east,3,29
May 2013,North-east,2,27
Jun 2013,North-east,3,35
Jul 2013,North-east,3,30
Aug 2013,North-east,3,31
Sep 2013,North-east,2,25
Oct 2013,North-east,2,31
Nov 2013,North-east,2,33
Dec 2013,North-east,2,23
Jan 2014,North-east,3,30
Feb 2014,North-east,2,23
Mar 2014,North-east,2,26
Apr 2014,North-east,2,21
May 2014,North-east,3,36
Jun 2014,North-east,2,26
Jul 2014,North-east,2,22
Aug 2014,North-east,3,30
Sep 2014,North-east,3,32
Oct 2014,North-east,2,25
Nov 2014,North-east,2,31
Dec 2014,North-east,2,31
Jan 2015,North-east,1,14
Feb 2015,North-east,2,28
Mar 2015,North-east,2,20
Apr 2015,North-east,1,12
May 2015,North-east,2,26
Jun 2015,North-east,2,27
Jul 2015,North-east,2,28
Aug 2015,North-east,3,32
Sep 2015,North-east,2,20
Oct 2015,North-east,3,33
Nov 2015,North-east,2,27
Dec 2015,North-east,2,30
Jan 2016,North-east,3,33
Feb 2016,North-east,2,28
Mar 2016,North-east,3,32
Apr 2016,North-east,4,39
May 2016,North-east,3,34
Jun 2016,North-east,3,28
Jul 2016,North-east,3,36
Aug 2016,North-east,2,22
Sep 2016,North-east,3,32
Oct 2016,North-east,3,36
Nov 2016,North-east,2,30
Dec 2016,North-east,3,37
Jan 2017,North-east,3,41
Feb 2017,North-east,2,32
Mar 2017,North-east,3,40
Apr 2017,North-east,4,37
May 2017,North-east,4,44
Jun 2017,North-east,4,44
Jul 2017,North-east,4,42
Aug 2017,North-east,3,34
Sep 2017,North-east,3,41
Oct 2017,North-east,3,45
Nov 2017,North-east,3,42
Dec 2017,North-east,2,36
Jan 2018,North-east,3,33
Feb 2018,North-east,3,39
Mar 2018,North-east,3,34
Apr 2018,North-east,3,32
May 2018,North-east,3,34
Jun 2018,North-east,4,49
Jul 2018,North-east,2,25
Aug 2018,North-east,3,31
Sep 2018,North-east,2,28
Oct 2018,North-east,2,24
Nov 2018,North-east,2,32
Dec 2018,North-east,2,27
Jan 2019,North-east,2,28
Feb 2019,North-east,3,30
Mar 2019,North-east,2,25
Apr 2019,North-east,3,33
May 2019,North-east,2,22
Jun 2019,North-east,2,28
Jul 2019,North-east,3,33
Aug 2019,North-east,3,33
Sep 2019,North-east,3,35
Oct 2019,North-east,2,23
Nov 2019,North-east,2,35
Dec 2019,North-east,3,39
Jan 2020,North-east,3,32
Feb 2020,North-east,4,38
Mar 2020,North-east,2,22
Apr 2020,North-east,2,22
May 2020,North-east,3,32
Jun 2020,North-east,5,59
Jul 2020,North-east,4,44
Aug 2020,North-east,4,47
Sep 2020,North-east,3,39
Oct 2020,North-east,3,41
Nov 2020,North-east,2,35
Dec 2020,North-east,3,41
Jan 2021,North-east,4,47
Feb 2021,North-east,3,35
Mar 2021,North-east,4,44
Apr 2021,North-east,4,42
May 2021,North-east,4,39
Jun 2021,North-east,3,30
Jul 2021,North-east,2,28
Aug 2021,North-east,3,32
Sep 2021,North-east,3,32
Oct 2021,North-east,2,31
Nov 2021,North-east,2,34
Dec 2021,North-east,3,36
Jan 2022,North-east,2,29
Feb 2022,North-east,4,48
Mar 2022,North-east,4,51
Apr 2022,North-east,4,45
May 2022,North-east,2,19
Jun 2022,North-east,1,17
Jul 2022,North-east,2,23
Aug 2022,North-east,2,27
Sep 2022,North-east,2,30
Oct 2022,North-east,3,39
Nov 2022,North-east,2,29
Dec 2022,North-east,2,34
Jan 2023,North-east,3,41
Feb 2023,North-east,2,23
Mar 2023,North-east,5,53
Apr 2023,North-east,3,34
May 2023,North-east,3,32
Jun 2023,North-east,3,33
Jul 2023,North-east,2,30
Aug 2023,North-east,3,32
Jan 1973,Mid-west,9,136
Feb 1973,Mid-west,11,137
Mar 1973,Mid-west,15,143
Apr 1973,Mid-west,11,115
May 1973,Mid-west,12,126
Jun 1973,Mid-west,12,132
Jul 1973,Mid-west,11,117
Aug 1973,Mid-west,10,102
Sep 1973,Mid-west,9,107
Oct 1973,Mid-west,8,106
Nov 1973,Mid-west,7,106
Dec 1973,Mid-west,6,111
Jan 1974,Mid-west,8,130
Feb 1974,Mid-west,7,95
Mar 1974,Mid-west,12,118
Apr 1974,Mid-west,11,105
May 1974,Mid-west,13,129
Jun 1974,Mid-west,8,86
Jul 1974,Mid-west,9,100
Aug 1974,Mid-west,10,100
Sep 1974,Mid-west,9,101
Oct 1974,Mid-west,6,81
Nov 1974,Mid-west,6,86
Dec 1974,Mid-west,6,103
Jan 1975,Mid-west,4,66
Feb 1975,Mid-west,6,82
Mar 1975,Mid-west,9,89
Apr 1975,Mid-west,10,96
May 1975,Mid-west,10,103
Jun 1975,Mid-west,12,132
Jul 1975,Mid-west,10,112
Aug 1975,Mid-west,11,116
Sep 1975,Mid-west,10,111
Oct 1975,Mid-west,8,119
Nov 1975,Mid-west,8,128
Dec 1975,Mid-west,7,122
Jan 1976,Mid-west,8,131
Feb 1976,Mid-west,10,128
Mar 1976,Mid-west,11,119
Apr 1976,Mid-west,14,131
May 1976,Mid-west,13,124
Jun 1976,Mid-west,11,118
Jul 1976,Mid-west,11,121
Aug 1976,Mid-west,12,125
Sep 1976,Mid-west,12,140
Oct 1976,Mid-west,9,127
Nov 1976,Mid-west,9,142
Dec 1976,Mid-west,8,143
Jan 1977,Mid-west,9,148
Feb 1977,Mid-west,12,158
Mar 1977,Mid-west,14,148
Apr 1977,Mid-west,18,167
May 1977,Mid-west,16,157
Jun 1977,Mid-west,15,162
Jul 1977,Mid-west,14,162
Aug 1977,Mid-west,16,169
Sep 1977,Mid-west,15,168
Oct 1977,Mid-west,14,178
Nov 1977,Mid-west,10,152
Dec 1977,Mid-west,10,169
Jan 1978,Mid-west,8,132
Feb 1978,Mid-west,12,159
Mar 1978,Mid-west,14,152
Apr 1978,Mid-west,17,159
May 1978,Mid-west,16,155
Jun 1978,Mid-west,11,118
Jul 1978,Mid-west,12,133
Aug 1978,Mid-west,14,140
Sep 1978,Mid-west,10,123
Oct 1978,Mid-west,14,170
Nov 1978,Mid-west,9,136
Dec 1978,Mid-west,8,135
Jan 1979,Mid-west,7,118
Feb 1979,Mid-west,9,119
Mar 1979,Mid-west,11,118
Apr 1979,Mid-west,12,114
May 1979,Mid-west,13,128
Jun 1979,Mid-west,12,128
Jul 1979,Mid-west,12,130
Aug 1979,Mid-west,10,100
Sep 1979,Mid-west,8,96
Oct 1979,Mid-west,8,100
Nov 1979,Mid-west,7,102
Dec 1979,Mid-west,4,81
Jan 1980,Mid-west,5,82
Feb 1980,Mid-west,6,84
Mar 1980,Mid-west,7,76
Apr 1980,Mid-west,7,71
May 1980,Mid-west,6,65
Jun 1980,Mid-west,7,69
Jul 1980,Mid-west,7,80
Aug 1980,Mid-west,11,108
Sep 1980,Mid-west,8,85
Oct 1980,Mid-west,8,93
Nov 1980,Mid-west,5,81
Dec 1980,Mid-west,4,76
Jan 1981,Mid-west,4,70
Feb 1981,Mid-west,4,64
Mar 1981,Mid-west,7,72
Apr 1981,Mid-west,6,61
May 1981,Mid-west,6,59
Jun 1981,Mid-west,6,64
Jul 1981,Mid-west,5,62
Aug 1981,Mid-west,6,60
Sep 1981,Mid-west,5,58
Oct 1981,Mid-west,4,52
Nov 1981,Mid-west,3,51
Dec 1981,Mid-west,2,44
Jan 1982,Mid-west,3,45
Feb 1982,Mid-west,3,41
Mar 1982,Mid-west,4,42
Apr 1982,Mid-west,3,34
May 1982,Mid-west,5,45
Jun 1982,Mid-west,5,47
Jul 1982,Mid-west,4,43
Aug 1982,Mid-west,5,51
Sep 1982,Mid-west,6,66
Oct 1982,Mid-west,4,44
Nov 1982,Mid-west,4,55
Dec 1982,Mid-west,3,60
Jan 1983,Mid-west,4,67
Feb 1983,Mid-west,4,62
Mar 1983,Mid-west,7,72
Apr 1983,Mid-west,7,75
May 1983,Mid-west,8,78
Jun 1983,Mid-west,8,77
Jul 1983,Mid-west,6,69
Aug 1983,Mid-west,6,56
Sep 1983,Mid-west,6,70
Oct 1983,Mid-west,6,69
Nov 1983,Mid-west,6,81
Dec 1983,Mid-west,4,77
Jan 1984,Mid-west,5,85
Feb 1984,Mid-west,5,76
Mar 1984,Mid-west,7,67
Apr 1984,Mid-west,9,89
May 1984,Mid-west,8,74
Jun 1984,Mid-west,7,74
Jul 1984,Mid-west,6,74
Aug 1984,Mid-west,7,73
Sep 1984,Mid-west,7,75
Oct 1984,Mid-west,6,75
Nov 1984,Mid-west,5,70
Dec 1984,Mid-west,4,81
Jan 1985,Mid-west,5,82
Feb 1985,Mid-west,6,88
Mar 1985,Mid-west,9,85
Apr 1985,Mid-west,7,70
May 1985,Mid-west,9,83
Jun 1985,Mid-west,8,83
Jul 1985,Mid-west,8,88
Aug 1985,Mid-west,8,85
Sep 1985,Mid-west,7,80
Oct 1985,Mid-west,6,78
Nov 1985,Mid-west,6,85
Dec 1985,Mid-west,5,80
Jan 1986,Mid-west,5,85
Feb 1986,Mid-west,6,83
Mar 1986,Mid-west,10,100
Apr 1986,Mid-west,11,98
May 1986,Mid-west,12,111
Jun 1986,Mid-west,8,88
Jul 1986,Mid-west,8,99
Aug 1986,Mid-west,7,74
Sep 1986,Mid-west,8,98
Oct 1986,Mid-west,8,97
Nov 1986,Mid-west,5,79
Dec 1986,Mid-west,7,128
Jan 1987,Mid-west,5,94
Feb 1987,Mid-west,9,120
Mar 1987,Mid-west,11,105
Apr 1987,Mid-west,12,112
May 1987,Mid-west,9,88
Jun 1987,Mid-west,9,99
Jul 1987,Mid-west,8,94
Aug 1987,Mid-west,8,89
Sep 1987,Mid-west,6,79
Oct 1987,Mid-west,8,95
Nov 1987,Mid-west,6,89
Dec 1987,Mid-west,6,105
Jan 1988,Mid-west,5,92
Feb 1988,Mid-west,8,110
Mar 1988,Mid-west,9,90
Apr 1988,Mid-west,10,94
May 1988,Mid-west,10,96
Jun 1988,Mid-west,9,93
Jul 1988,Mid-west,8,91
Aug 1988,Mid-west,9,99
Sep 1988,Mid-west,8,99
Oct 1988,Mid-west,9,110
Nov 1988,Mid-west,7,99
Dec 1988,Mid-west,5,94
Jan 1989,Mid-west,6,101
Feb 1989,Mid-west,8,102
Mar 1989,Mid-west,10,98
Apr 1989,Mid-west,11,100
May 1989,Mid-west,10,98
Jun 1989,Mid-west,9,98
Jul 1989,Mid-west,11,130
Aug 1989,Mid-west,9,101
Sep 1989,Mid-west,8,104
Oct 1989,Mid-west,8,102
Nov 1989,Mid-west,8,115
Dec 1989,Mid-west,5,92
Jan 1990,Mid-west,6,105
Feb 1990,Mid-west,6,73
Mar 1990,Mid-west,10,92
Apr 1990,Mid-west,10,91
May 1990,Mid-west,9,89
Jun 1990,Mid-west,9,99
Jul 1990,Mid-west,8,97
Aug 1990,Mid-west,8,90
Sep 1990,Mid-west,7,93
Oct 1990,Mid-west,6,73
Nov 1990,Mid-west,6,87
Dec 1990,Mid-west,5,86
Jan 1991,Mid-west,4,61
Feb 1991,Mid-west,8,96
Mar 1991,Mid-west,10,99
Apr 1991,Mid-west,10,89
May 1991,Mid-west,10,103
Jun 1991,Mid-west,9,95
Jul 1991,Mid-west,7,86
Aug 1991,Mid-west,8,94
Sep 1991,Mid-west,7,94
Oct 1991,Mid-west,8,103
Nov 1991,Mid-west,7,104
Dec 1991,Mid-west,5,100
Jan 1992,Mid-west,9,154
Feb 1992,Mid-west,12,132
Mar 1992,Mid-west,12,112
Apr 1992,Mid-west,11,105
May 1992,Mid-west,11,112
Jun 1992,Mid-west,9,102
Jul 1992,Mid-west,9,114
Aug 1992,Mid-west,12,136
Sep 1992,Mid-west,10,124
Oct 1992,Mid-west,9,105
Nov 1992,Mid-west,8,112
Dec 1992,Mid-west,6,118
Jan 1993,Mid-west,7,113
Feb 1993,Mid-west,9,104
Mar 1993,Mid-west,11,110
Apr 1993,Mid-west,13,121
May 1993,Mid-west,11,111
Jun 1993,Mid-west,11,120
Jul 1993,Mid-west,10,124
Aug 1993,Mid-west,10,116
Sep 1993,Mid-west,10,126
Oct 1993,Mid-west,12,145
Nov 1993,Mid-west,9,129
Dec 1993,Mid-west,11,206
Jan 1994,Mid-west,8,128
Feb 1994,Mid-west,11,135
Mar 1994,Mid-west,13,130
Apr 1994,Mid-west,13,127
May 1994,Mid-west,12,125
Jun 1994,Mid-west,11,119
Jul 1994,Mid-west,9,108
Aug 1994,Mid-west,10,112
Sep 1994,Mid-west,9,111
Oct 1994,Mid-west,11,141
Nov 1994,Mid-west,9,126
Dec 1994,Mid-west,7,113
Jan 1995,Mid-west,7,107
Feb 1995,Mid-west,9,110
Mar 1995,Mid-west,12,122
Apr 1995,Mid-west,13,128
May 1995,Mid-west,12,121
Jun 1995,Mid-west,12,131
Jul 1995,Mid-west,11,134
Aug 1995,Mid-west,12,138
Sep 1995,Mid-west,10,132
Oct 1995,Mid-west,10,131
Nov 1995,Mid-west,9,130
Dec 1995,Mid-west,7,125
Jan 1996,Mid-west,10,146
Feb 1996,Mid-west,11,137
Mar 1996,Mid-west,13,132
Apr 1996,Mid-west,13,128
May 1996,Mid-west,14,141
Jun 1996,Mid-west,12,122
Jul 1996,Mid-west,12,133
Aug 1996,Mid-west,14,173
Sep 1996,Mid-west,10,130
Oct 1996,Mid-west,9,117
Nov 1996,Mid-west,9,127
Dec 1996,Mid-west,9,148
Jan 1997,Mid-west,9,148
Feb 1997,Mid-west,10,119
Mar 1997,Mid-west,13,125
Apr 1997,Mid-west,14,134
May 1997,Mid-west,13,137
Jun 1997,Mid-west,15,157
Jul 1997,Mid-west,13,152
Aug 1997,Mid-west,12,138
Sep 1997,Mid-west,10,129
Oct 1997,Mid-west,11,133
Nov 1997,Mid-west,12,166
Dec 1997,Mid-west,9,157
Jan 1998,Mid-west,10,166
Feb 1998,Mid-west,15,187
Mar 1998,Mid-west,18,178
Apr 1998,Mid-west,16,151
May 1998,Mid-west,14,147
Jun 1998,Mid-west,17,173
Jul 1998,Mid-west,13,160
Aug 1998,Mid-west,13,149
Sep 1998,Mid-west,13,175
Oct 1998,Mid-west,13,159
Nov 1998,Mid-west,12,161
Dec 1998,Mid-west,11,186
Jan 1999,Mid-west,10,152
Feb 1999,Mid-west,14,163
Mar 1999,Mid-west,16,149
Apr 1999,Mid-west,17,169
May 1999,Mid-west,17,175
Jun 1999,Mid-west,16,171
Jul 1999,Mid-west,15,171
Aug 1999,Mid-west,16,185
Sep 1999,Mid-west,12,158
Oct 1999,Mid-west,15,189
Nov 1999,Mid-west,13,178
Dec 1999,Mid-west,9,148
Jan 2000,Mid-west,9,145
Feb 2000,Mid-west,14,163
Mar 2000,Mid-west,18,169
Apr 2000,Mid-west,14,138
May 2000,Mid-west,14,151
Jun 2000,Mid-west,14,147
Jul 2000,Mid-west,15,170
Aug 2000,Mid-west,12,144
Sep 2000,Mid-west,12,163
Oct 2000,Mid-west,13,161
Nov 2000,Mid-west,11,146
Dec 2000,Mid-west,10,173
Jan 2001,Mid-west,11,171
Feb 2001,Mid-west,14,168
Mar 2001,Mid-west,19,189
Apr 2001,Mid-west,16,163
May 2001,Mid-west,14,152
Jun 2001,Mid-west,16,171
Jul 2001,Mid-west,13,154
Aug 2001,Mid-west,13,147
Sep 2001,Mid-west,12,161
Oct 2001,Mid-west,12,153
Nov 2001,Mid-west,13,171
Dec 2001,Mid-west,10,162
Jan 2002,Mid-west,12,180
Feb 2002,Mid-west,15,173
Mar 2002,Mid-west,16,154
Apr 2002,Mid-west,17,171
May 2002,Mid-west,17,183
Jun 2002,Mid-west,15,158
Jul 2002,Mid-west,16,186
Aug 2002,Mid-west,18,205
Sep 2002,Mid-west,15,197
Oct 2002,Mid-west,14,182
Nov 2002,Mid-west,16,217
Dec 2002,Mid-west,15,255
Jan 2003,Mid-west,12,179
Feb 2003,Mid-west,15,183
Mar 2003,Mid-west,17,170
Apr 2003,Mid-west,17,175
May 2003,Mid-west,15,165
Jun 2003,Mid-west,18,196
Jul 2003,Mid-west,20,218
Aug 2003,Mid-west,23,256
Sep 2003,Mid-west,15,192
Oct 2003,Mid-west,16,195
Nov 2003,Mid-west,12,156
Dec 2003,Mid-west,11,180
Jan 2004,Mid-west,14,225
Feb 2004,Mid-west,16,192
Mar 2004,Mid-west,19,196
Apr 2004,Mid-west,20,212
May 2004,Mid-west,19,206
Jun 2004,Mid-west,18,192
Jul 2004,Mid-west,20,219
Aug 2004,Mid-west,19,220
Sep 2004,Mid-west,17,222
Oct 2004,Mid-west,20,249
Nov 2004,Mid-west,12,159
Dec 2004,Mid-west,15,240
Jan 2005,Mid-west,12,186
Feb 2005,Mid-west,15,183
Mar 2005,Mid-west,21,215
Apr 2005,Mid-west,20,210
May 2005,Mid-west,22,237
Jun 2005,Mid-west,22,231
Jul 2005,Mid-west,19,208
Aug 2005,Mid-west,17,195
Sep 2005,Mid-west,17,215
Oct 2005,Mid-west,15,186
Nov 2005,Mid-west,13,171
Dec 2005,Mid-west,13,201
Jan 2006,Mid-west,11,174
Feb 2006,Mid-west,15,187
Mar 2006,Mid-west,16,168
Apr 2006,Mid-west,16,168
May 2006,Mid-west,17,177
Jun 2006,Mid-west,16,172
Jul 2006,Mid-west,12,140
Aug 2006,Mid-west,13,152
Sep 2006,Mid-west,11,141
Oct 2006,Mid-west,11,136
Nov 2006,Mid-west,11,155
Dec 2006,Mid-west,12,166
Jan 2007,Mid-west,11,165
Feb 2007,Mid-west,10,128
Mar 2007,Mid-west,12,130
Apr 2007,Mid-west,11,121
May 2007,Mid-west,14,139
Jun 2007,Mid-west,11,113
Jul 2007,Mid-west,9,105
Aug 2007,Mid-west,11,118
Sep 2007,Mid-west,8,102
Oct 2007,Mid-west,10,127
Nov 2007,Mid-west,6,90
Dec 2007,Mid-west,5,76
Jan 2008,Mid-west,5,78
Feb 2008,Mid-west,6,79
Mar 2008,Mid-west,7,75
Apr 2008,Mid-west,8,82
May 2008,Mid-west,7,73
Jun 2008,Mid-west,7,68
Jul 2008,Mid-west,6,65
Aug 2008,Mid-west,7,71
Sep 2008,Mid-west,5,62
Oct 2008,Mid-west,5,64
Nov 2008,Mid-west,4,54
Dec 2008,Mid-west,4,60
Jan 2009,Mid-west,3,52
Feb 2009,Mid-west,4,53
Mar 2009,Mid-west,4,45
Apr 2009,Mid-west,4,39
May 2009,Mid-west,5,50
Jun 2009,Mid-west,6,58
Jul 2009,Mid-west,5,57
Aug 2009,Mid-west,5,56
Sep 2009,Mid-west,5,63
Oct 2009,Mid-west,4,54
Nov 2009,Mid-west,5,73
Dec 2009,Mid-west,3,50
Jan 2010,Mid-west,4,54
Feb 2010,Mid-west,4,51
Mar 2010,Mid-west,5,55
Apr 2010,Mid-west,5,55
May 2010,Mid-west,4,41
Jun 2010,Mid-west,4,45
Jul 2010,Mid-west,4,43
Aug 2010,Mid-west,3,31
Sep 2010,Mid-west,4,50
Oct 2010,Mid-west,3,39
Nov 2010,Mid-west,2,34
Dec 2010,Mid-west,3,36
Jan 2011,Mid-west,3,42
Feb 2011,Mid-west,2,30
Mar 2011,Mid-west,3,40
Apr 2011,Mid-west,4,41
May 2011,Mid-west,4,41
Jun 2011,Mid-west,5,46
Jul 2011,Mid-west,4,44
Aug 2011,Mid-west,5,48
Sep 2011,Mid-west,4,48
Oct 2011,Mid-west,4,50
Nov 2011,Mid-west,4,54
Dec 2011,Mid-west,4,58
Jan 2012,Mid-west,3,44
Feb 2012,Mid-west,4,50
Mar 2012,Mid-west,4,42
Apr 2012,Mid-west,5,49
May 2012,Mid-west,4,45
Jun 2012,Mid-west,5,49
Jul 2012,Mid-west,5,56
Aug 2012,Mid-west,5,54
Sep 2012,Mid-west,3,35
Oct 2012,Mid-west,4,51
Nov 2012,Mid-west,3,44
Dec 2012,Mid-west,3,48
Jan 2013,Mid-west,4,56
Feb 2013,Mid-west,5,69
Mar 2013,Mid-west,5,61
Apr 2013,Mid-west,6,60
May 2013,Mid-west,7,70
Jun 2013,Mid-west,6,57
Jul 2013,Mid-west,5,53
Aug 2013,Mid-west,5,61
Sep 2013,Mid-west,5,61
Oct 2013,Mid-west,6,64
Nov 2013,Mid-west,4,57
Dec 2013,Mid-west,4,61
Jan 2014,Mid-west,3,50
Feb 2014,Mid-west,4,57
Mar 2014,Mid-west,5,55
Apr 2014,Mid-west,7,63
May 2014,Mid-west,7,74
Jun 2014,Mid-west,5,54
Jul 2014,Mid-west,5,54
Aug 2014,Mid-west,5,54
Sep 2014,Mid-west,5,59
Oct 2014,Mid-west,6,64
Nov 2014,Mid-west,4,59
Dec 2014,Mid-west,4,56
Jan 2015,Mid-west,4,64
Feb 2015,Mid-west,4,53
Mar 2015,Mid-west,5,55
Apr 2015,Mid-west,7,64
May 2015,Mid-west,6,59
Jun 2015,Mid-west,6,61
Jul 2015,Mid-west,5,62
Aug 2015,Mid-west,5,62
Sep 2015,Mid-west,5,57
Oct 2015,Mid-west,5,60
Nov 2015,Mid-west,4,64
Dec 2015,Mid-west,5,73
Jan 2016,Mid-west,4,66
Feb 2016,Mid-west,4,56
Mar 2016,Mid-west,6,64
Apr 2016,Mid-west,6,59
May 2016,Mid-west,7,73
Jun 2016,Mid-west,7,79
Jul 2016,Mid-west,7,81
Aug 2016,Mid-west,6,69
Sep 2016,Mid-west,6,74
Oct 2016,Mid-west,6,70
Nov 2016,Mid-west,5,75
Dec 2016,Mid-west,4,67
Jan 2017,Mid-west,5,67
Feb 2017,Mid-west,6,81
Mar 2017,Mid-west,7,79
Apr 2017,Mid-west,7,71
May 2017,Mid-west,6,62
Jun 2017,Mid-west,6,68
Jul 2017,Mid-west,6,68
Aug 2017,Mid-west,6,73
Sep 2017,Mid-west,6,75
Oct 2017,Mid-west,6,75
Nov 2017,Mid-west,5,79
Dec 2017,Mid-west,4,64
Jan 2018,Mid-west,6,78
Feb 2018,Mid-west,6,74
Mar 2018,Mid-west,8,81
Apr 2018,Mid-west,9,86
May 2018,Mid-west,8,84
Jun 2018,Mid-west,6,70
Jul 2018,Mid-west,6,75
Aug 2018,Mid-west,6,69
Sep 2018,Mid-west,7,88
Oct 2018,Mid-west,5,63
Nov 2018,Mid-west,5,72
Dec 2018,Mid-west,4,62
Jan 2019,Mid-west,4,58
Feb 2019,Mid-west,6,71
Mar 2019,Mid-west,8,84
Apr 2019,Mid-west,7,72
May 2019,Mid-west,7,68
Jun 2019,Mid-west,6,64
Jul 2019,Mid-west,6,72
Aug 2019,Mid-west,5,68
Sep 2019,Mid-west,5,70
Oct 2019,Mid-west,6,72
Nov 2019,Mid-west,5,85
Dec 2019,Mid-west,5,85
Jan 2020,Mid-west,7,80
Feb 2020,Mid-west,6,77
Mar 2020,Mid-west,7,74
Apr 2020,Mid-west,8,68
May 2020,Mid-west,7,78
Jun 2020,Mid-west,8,89
Jul 2020,Mid-west,11,122
Aug 2020,Mid-west,8,104
Sep 2020,Mid-west,8,101
Oct 2020,Mid-west,9,119
Nov 2020,Mid-west,7,100
Dec 2020,Mid-west,7,107
Jan 2021,Mid-west,9,116
Feb 2021,Mid-west,8,100
Mar 2021,Mid-west,11,104
Apr 2021,Mid-west,10,93
May 2021,Mid-west,9,96
Jun 2021,Mid-west,9,96
Jul 2021,Mid-west,6,71
Aug 2021,Mid-west,5,64
Sep 2021,Mid-west,5,62
Oct 2021,Mid-west,6,72
Nov 2021,Mid-west,4,60
Dec 2021,Mid-west,6,77
Jan 2022,Mid-west,8,100
Feb 2022,Mid-west,7,87
Mar 2022,Mid-west,8,78
Apr 2022,Mid-west,7,63
May 2022,Mid-west,5,55
Jun 2022,Mid-west,6,61
Jul 2022,Mid-west,4,53
Aug 2022,Mid-west,5,62
Sep 2022,Mid-west,5,64
Oct 2022,Mid-west,4,47
Nov 2022,Mid-west,3,46
Dec 2022,Mid-west,4,67
Jan 2023,Mid-west,5,73
Feb 2023,Mid-west,6,72
Mar 2023,Mid-west,7,64
Apr 2023,Mid-west,7,71
May 2023,Mid-west,7,72
Jun 2023,Mid-west,5,58
Jul 2023,Mid-west,8,93
Aug 2023,Mid-west,6,77
Jan 1973,South,24,325
Feb 1973,South,26,312
Mar 1973,South,27,297
Apr 1973,South,26,278
May 1973,South,26,261
Jun 1973,South,25,271
Jul 1973,South,21,228
Aug 1973,South,21,222
Sep 1973,South,17,218
Oct 1973,South,17,221
Nov 1973,South,14,216
Dec 1973,South,13,218
Jan 1974,South,15,208
Feb 1974,South,17,210
Mar 1974,South,21,230
Apr 1974,South,19,202
May 1974,South,23,232
Jun 1974,South,22,243
Jul 1974,South,20,227
Aug 1974,South,17,183
Sep 1974,South,16,202
Oct 1974,South,14,184
Nov 1974,South,12,177
Dec 1974,South,10,161
Jan 1975,South,14,186
Feb 1975,South,14,174
Mar 1975,South,18,194
Apr 1975,South,23,244
May 1975,South,24,247
Jun 1975,South,17,181
Jul 1975,South,20,226
Aug 1975,South,20,223
Sep 1975,South,16,207
Oct 1975,South,19,250
Nov 1975,South,20,298
Dec 1975,South,16,255
Jan 1976,South,17,231
Feb 1976,South,21,263
Mar 1976,South,20,214
Apr 1976,South,22,228
May 1976,South,21,219
Jun 1976,South,21,225
Jul 1976,South,21,238
Aug 1976,South,24,269
Sep 1976,South,21,260
Oct 1976,South,20,266
Nov 1976,South,19,279
Dec 1976,South,19,295
Jan 1977,South,23,309
Feb 1977,South,25,318
Mar 1977,South,34,359
Apr 1977,South,30,308
May 1977,South,30,309
Jun 1977,South,27,309
Jul 1977,South,25,293
Aug 1977,South,26,291
Sep 1977,South,28,334
Oct 1977,South,24,297
Nov 1977,South,22,325
Dec 1977,South,23,344
Jan 1978,South,25,334
Feb 1978,South,23,302
Mar 1978,South,31,335
Apr 1978,South,33,338
May 1978,South,34,359
Jun 1978,South,31,343
Jul 1978,South,29,329
Aug 1978,South,26,275
Sep 1978,South,28,350
Oct 1978,South,29,359
Nov 1978,South,23,340
Dec 1978,South,22,326
Jan 1979,South,20,286
Feb 1979,South,23,300
Mar 1979,South,30,323
Apr 1979,South,32,336
May 1979,South,27,286
Jun 1979,South,26,295
Jul 1979,South,28,314
Aug 1979,South,32,350
Sep 1979,South,25,309
Oct 1979,South,25,317
Nov 1979,South,19,277
Dec 1979,South,15,232
Jan 1980,South,22,289
Feb 1980,South,21,261
Mar 1980,South,22,226
Apr 1980,South,17,172
May 1980,South,24,252
Jun 1980,South,25,287
Jul 1980,South,27,317
Aug 1980,South,28,316
Sep 1980,South,23,281
Oct 1980,South,21,269
Nov 1980,South,20,280
Dec 1980,South,18,274
Jan 1981,South,19,253
Feb 1981,South,21,270
Mar 1981,South,26,264
Apr 1981,South,22,230
May 1981,South,23,241
Jun 1981,South,18,205
Jul 1981,South,16,193
Aug 1981,South,16,185
Sep 1981,South,13,165
Oct 1981,South,14,177
Nov 1981,South,14,193
Dec 1981,South,16,240
Jan 1982,South,16,208
Feb 1982,South,14,177
Mar 1982,South,21,215
Apr 1982,South,18,189
May 1982,South,19,208
Jun 1982,South,17,191
Jul 1982,South,16,197
Aug 1982,South,18,212
Sep 1982,South,19,252
Oct 1982,South,22,264
Nov 1982,South,21,294
Dec 1982,South,17,270
Jan 1983,South,24,307
Feb 1983,South,24,290
Mar 1983,South,30,299
Apr 1983,South,30,320
May 1983,South,31,327
Jun 1983,South,30,340
Jul 1983,South,27,318
Aug 1983,South,25,302
Sep 1983,South,25,324
Oct 1983,South,27,342
Nov 1983,South,23,326
Dec 1983,South,28,440
Jan 1984,South,27,348
Feb 1984,South,31,366
Mar 1984,South,30,293
Apr 1984,South,29,312
May 1984,South,27,290
Jun 1984,South,27,301
Jul 1984,South,25,304
Aug 1984,South,21,257
Sep 1984,South,27,345
Oct 1984,South,26,336
Nov 1984,South,20,286
Dec 1984,South,19,282
Jan 1985,South,23,299
Feb 1985,South,28,334
Mar 1985,South,34,328
Apr 1985,South,30,315
May 1985,South,29,311
Jun 1985,South,30,344
Jul 1985,South,29,348
Aug 1985,South,27,329
Sep 1985,South,26,322
Oct 1985,South,24,311
Nov 1985,South,23,329
Dec 1985,South,22,334
Jan 1986,South,28,353
Feb 1986,South,26,303
Mar 1986,South,41,390
Apr 1986,South,34,346
May 1986,South,31,339
Jun 1986,South,29,324
Jul 1986,South,25,306
Aug 1986,South,23,286
Sep 1986,South,24,304
Oct 1986,South,20,268
Nov 1986,South,21,312
Dec 1986,South,20,312
Jan 1987,South,23,299
Feb 1987,South,25,290
Mar 1987,South,30,291
Apr 1987,South,29,301
May 1987,South,25,267
Jun 1987,South,24,267
Jul 1987,South,22,264
Aug 1987,South,22,263
Sep 1987,South,22,286
Oct 1987,South,19,248
Nov 1987,South,14,210
Dec 1987,South,16,243
Jan 1988,South,16,216
Feb 1988,South,24,271
Mar 1988,South,30,284
Apr 1988,South,28,294
May 1988,South,27,289
Jun 1988,South,25,284
Jul 1988,South,23,273
Aug 1988,South,25,284
Sep 1988,South,21,270
Oct 1988,South,20,272
Nov 1988,South,17,251
Dec 1988,South,17,263
Jan 1989,South,21,280
Feb 1989,South,20,237
Mar 1989,South,21,206
Apr 1989,South,24,243
May 1989,South,25,276
Jun 1989,South,23,257
Jul 1989,South,24,276
Aug 1989,South,25,278
Sep 1989,South,20,262
Oct 1989,South,20,267
Nov 1989,South,18,263
Dec 1989,South,16,248
Jan 1990,South,17,223
Feb 1990,South,23,266
Mar 1990,South,23,228
Apr 1990,South,20,215
May 1990,South,20,213
Jun 1990,South,21,228
Jul 1990,South,20,236
Aug 1990,South,21,240
Sep 1990,South,16,211
Oct 1990,South,16,206
Nov 1990,South,14,207
Dec 1990,South,13,200
Jan 1991,South,13,170
Feb 1991,South,17,201
Mar 1991,South,22,212
Apr 1991,South,22,223
May 1991,South,19,211
Jun 1991,South,19,208
Jul 1991,South,18,212
Aug 1991,South,20,222
Sep 1991,South,15,202
Oct 1991,South,17,219
Nov 1991,South,18,260
Dec 1991,South,15,228
Jan 1992,South,19,253
Feb 1992,South,22,258
Mar 1992,South,25,242
Apr 1992,South,21,220
May 1992,South,23,256
Jun 1992,South,23,264
Jul 1992,South,21,252
Aug 1992,South,22,255
Sep 1992,South,22,272
Oct 1992,South,22,285
Nov 1992,South,18,273
Dec 1992,South,18,271
Jan 1993,South,22,280
Feb 1993,South,23,275
Mar 1993,South,26,263
Apr 1993,South,28,293
May 1993,South,23,251
Jun 1993,South,26,296
Jul 1993,South,24,288
Aug 1993,South,27,294
Sep 1993,South,26,330
Oct 1993,South,24,306
Nov 1993,South,22,326
Dec 1993,South,21,329
Jan 1994,South,21,273
Feb 1994,South,25,293
Mar 1994,South,33,328
Apr 1994,South,28,310
May 1994,South,29,312
Jun 1994,South,23,263
Jul 1994,South,24,282
Aug 1994,South,24,270
Sep 1994,South,23,296
Oct 1994,South,23,302
Nov 1994,South,19,275
Dec 1994,South,20,303
Jan 1995,South,22,282
Feb 1995,South,23,265
Mar 1995,South,27,267
Apr 1995,South,24,266
May 1995,South,26,288
Jun 1995,South,26,299
Jul 1995,South,31,378
Aug 1995,South,28,309
Sep 1995,South,24,305
Oct 1995,South,25,314
Nov 1995,South,21,298
Dec 1995,South,20,306
Jan 1996,South,24,307
Feb 1996,South,31,346
Mar 1996,South,32,329
Apr 1996,South,30,326
May 1996,South,32,354
Jun 1996,South,28,320
Jul 1996,South,29,343
Aug 1996,South,33,364
Sep 1996,South,27,343
Oct 1996,South,26,334
Nov 1996,South,25,354
Dec 1996,South,23,350
Jan 1997,South,29,377
Feb 1997,South,33,382
Mar 1997,South,36,375
Apr 1997,South,30,325
May 1997,South,31,342
Jun 1997,South,31,352
Jul 1997,South,30,344
Aug 1997,South,34,383
Sep 1997,South,31,388
Oct 1997,South,28,368
Nov 1997,South,27,386
Dec 1997,South,24,354
Jan 1998,South,32,413
Feb 1998,South,30,348
Mar 1998,South,34,354
Apr 1998,South,37,401
May 1998,South,34,374
Jun 1998,South,39,433
Jul 1998,South,35,408
Aug 1998,South,34,378
Sep 1998,South,30,382
Oct 1998,South,31,399
Nov 1998,South,31,447
Dec 1998,South,29,434
Jan 1999,South,32,402
Feb 1999,South,37,406
Mar 1999,South,36,385
Apr 1999,South,36,406
May 1999,South,36,400
Jun 1999,South,37,423
Jul 1999,South,36,409
Aug 1999,South,33,380
Sep 1999,South,29,372
Oct 1999,South,28,377
Nov 1999,South,27,378
Dec 1999,South,27,393
Jan 2000,South,33,397
Feb 2000,South,37,401
Mar 2000,South,38,395
Apr 2000,South,36,399
May 2000,South,37,408
Jun 2000,South,33,380
Jul 2000,South,35,402
Aug 2000,South,33,395
Sep 2000,South,32,421
Oct 2000,South,31,420
Nov 2000,South,30,418
Dec 2000,South,31,449
Jan 2001,South,35,435
Feb 2001,South,40,447
Mar 2001,South,43,439
Apr 2001,South,38,436
May 2001,South,40,444
Jun 2001,South,37,415
Jul 2001,South,37,424
Aug 2001,South,36,423
Sep 2001,South,33,429
Oct 2001,South,33,440
Nov 2001,South,35,472
Dec 2001,South,33,464
Jan 2002,South,32,399
Feb 2002,South,40,450
Mar 2002,South,41,430
Apr 2002,South,39,438
May 2002,South,39,442
Jun 2002,South,37,442
Jul 2002,South,39,456
Aug 2002,South,43,471
Sep 2002,South,38,488
Oct 2002,South,35,465
Nov 2002,South,34,454
Dec 2002,South,34,470
Jan 2003,South,37,459
Feb 2003,South,39,447
Mar 2003,South,47,487
Apr 2003,South,40,473
May 2003,South,50,519
Jun 2003,South,48,549
Jul 2003,South,47,557
Aug 2003,South,48,558
Sep 2003,South,42,523
Oct 2003,South,40,547
Nov 2003,South,37,527
Dec 2003,South,36,515
Jan 2004,South,46,545
Feb 2004,South,47,532
Mar 2004,South,59,620
Apr 2004,South,47,540
May 2004,South,53,576
Jun 2004,South,50,575
Jul 2004,South,44,490
Aug 2004,South,47,551
Sep 2004,South,42,553
Oct 2004,South,40,537
Nov 2004,South,44,597
Dec 2004,South,43,616
Jan 2005,South,50,618
Feb 2005,South,56,697
Mar 2005,South,62,669
Apr 2005,South,54,597
May 2005,South,55,593
Jun 2005,South,55,620
Jul 2005,South,54,645
Aug 2005,South,56,628
Sep 2005,South,51,643
Oct 2005,South,51,668
Nov 2005,South,46,636
Dec 2005,South,49,644
Jan 2006,South,47,600
Feb 2006,South,46,562
Mar 2006,South,55,584
Apr 2006,South,52,609
May 2006,South,54,581
Jun 2006,South,51,561
Jul 2006,South,43,499
Aug 2006,South,49,577
Sep 2006,South,44,562
Oct 2006,South,40,517
Nov 2006,South,39,545
Dec 2006,South,39,510
Jan 2007,South,38,496
Feb 2007,South,36,445
Mar 2007,South,40,413
Apr 2007,South,43,475
May 2007,South,39,420
Jun 2007,South,41,440
Jul 2007,South,36,415
Aug 2007,South,31,362
Sep 2007,South,27,350
Oct 2007,South,30,386
Nov 2007,South,25,349
Dec 2007,South,26,354
Jan 2008,South,24,342
Feb 2008,South,26,324
Mar 2008,South,28,306
Apr 2008,South,25,287
May 2008,South,27,286
Jun 2008,South,25,274
Jul 2008,South,24,257
Aug 2008,South,21,246
Sep 2008,South,20,246
Oct 2008,South,17,210
Nov 2008,South,15,207
Dec 2008,South,14,192
Jan 2009,South,14,186
Feb 2009,South,17,217
Mar 2009,South,18,198
Apr 2009,South,18,201
May 2009,South,19,210
Jun 2009,South,19,195
Jul 2009,South,20,215
Aug 2009,South,19,218
Sep 2009,South,14,192
Oct 2009,South,18,215
Nov 2009,South,14,191
Dec 2009,South,13,182
Jan 2010,South,12,171
Feb 2010,South,13,166
Mar 2010,South,19,199
Apr 2010,South,21,231
May 2010,South,14,149
Jun 2010,South,16,170
Jul 2010,South,16,167
Aug 2010,South,12,153
Sep 2010,South,12,162
Oct 2010,South,13,172
Nov 2010,South,12,162
Dec 2010,South,12,168
Jan 2011,South,11,158
Feb 2011,South,13,162
Mar 2011,South,16,164
Apr 2011,South,16,166
May 2011,South,16,173
Jun 2011,South,16,170
Jul 2011,South,15,167
Aug 2011,South,13,163
Sep 2011,South,13,170
Oct 2011,South,13,165
Nov 2011,South,13,182
Dec 2011,South,13,178
Jan 2012,South,13,190
Feb 2012,South,16,196
Mar 2012,South,20,200
Apr 2012,South,16,181
May 2012,South,18,191
Jun 2012,South,18,188
Jul 2012,South,16,180
Aug 2012,South,14,187
Sep 2012,South,16,214
Oct 2012,South,14,175
Nov 2012,South,17,221
Dec 2012,South,16,222
Jan 2013,South,16,220
Feb 2013,South,17,211
Mar 2013,South,22,234
Apr 2013,South,24,251
May 2013,South,22,236
Jun 2013,South,23,259
Jul 2013,South,17,195
Aug 2013,South,16,207
Sep 2013,South,17,222
Oct 2013,South,21,260
Nov 2013,South,19,250
Dec 2013,South,18,252
Jan 2014,South,19,247
Feb 2014,South,21,251
Mar 2014,South,23,237
Apr 2014,South,21,225
May 2014,South,22,232
Jun 2014,South,21,233
Jul 2014,South,20,226
Aug 2014,South,19,246
Sep 2014,South,20,258
Oct 2014,South,21,266
Nov 2014,South,17,229
Dec 2014,South,20,285
Jan 2015,South,23,292
Feb 2015,South,28,327
Mar 2015,South,26,274
Apr 2015,South,28,302
May 2015,South,26,281
Jun 2015,South,24,273
Jul 2015,South,24,288
Aug 2015,South,23,298
Sep 2015,South,20,264
Oct 2015,South,22,269
Nov 2015,South,20,270
Dec 2015,South,21,295
Jan 2016,South,22,283
Feb 2016,South,26,292
Mar 2016,South,29,308
Apr 2016,South,31,331
May 2016,South,29,317
Jun 2016,South,28,321
Jul 2016,South,32,364
Aug 2016,South,26,340
Sep 2016,South,25,316
Oct 2016,South,27,329
Nov 2016,South,22,302
Dec 2016,South,21,297
Jan 2017,South,26,335
Feb 2017,South,28,322
Mar 2017,South,33,336
Apr 2017,South,31,339
May 2017,South,32,360
Jun 2017,South,30,332
Jul 2017,South,26,314
Aug 2017,South,24,308
Sep 2017,South,28,357
Oct 2017,South,28,358
Nov 2017,South,27,367
Dec 2017,South,25,347
Jan 2018,South,25,305
Feb 2018,South,30,344
Mar 2018,South,37,379
Apr 2018,South,33,356
May 2018,South,36,384
Jun 2018,South,31,361
Jul 2018,South,30,356
Aug 2018,South,26,329
Sep 2018,South,26,324
Oct 2018,South,24,308
Nov 2018,South,27,380
Dec 2018,South,24,342
Jan 2019,South,29,356
Feb 2019,South,33,366
Mar 2019,South,38,387
Apr 2019,South,34,374
May 2019,South,35,372
Jun 2019,South,39,469
Jul 2019,South,34,403
Aug 2019,South,34,432
Sep 2019,South,34,433
Oct 2019,South,33,427
Nov 2019,South,29,410
Dec 2019,South,27,376
Jan 2020,South,30,359
Feb 2020,South,34,378
Mar 2020,South,35,356
Apr 2020,South,29,324
May 2020,South,38,402
Jun 2020,South,47,564
Jul 2020,South,50,595
Aug 2020,South,48,609
Sep 2020,South,45,572
Oct 2020,South,44,580
Nov 2020,South,38,530
Dec 2020,South,37,512
Jan 2021,South,45,525
Feb 2021,South,39,422
Mar 2021,South,52,535
Apr 2021,South,43,481
May 2021,South,36,385
Jun 2021,South,34,415
Jul 2021,South,38,456
Aug 2021,South,33,420
Sep 2021,South,35,453
Oct 2021,South,30,405
Nov 2021,South,32,451
Dec 2021,South,35,478
Jan 2022,South,40,455
Feb 2022,South,41,442
Mar 2022,South,39,403
Apr 2022,South,32,359
May 2022,South,36,386
Jun 2022,South,31,379
Jul 2022,South,29,354
Aug 2022,South,33,422
Sep 2022,South,27,351
Oct 2022,South,27,369
Nov 2022,South,26,368
Dec 2022,South,30,404
Jan 2023,South,36,414
Feb 2023,South,38,408
Mar 2023,South,36,374
Apr 2023,South,36,419
May 2023,South,40,425
Jun 2023,South,37,439
Jul 2023,South,34,414
Aug 2023,South,30,383
Jan 1973,West,15,192
Feb 1973,West,16,180
Mar 1973,West,17,183
Apr 1973,West,16,172
May 1973,West,17,183
Jun 1973,West,15,156
Jul 1973,West,14,160
Aug 1973,West,13,141
Sep 1973,West,11,139
Oct 1973,West,10,144
Nov 1973,West,10,143
Dec 1973,West,7,135
Jan 1974,West,9,115
Feb 1974,West,14,156
Mar 1974,West,15,146
Apr 1974,West,16,160
May 1974,West,14,150
Jun 1974,West,12,131
Jul 1974,West,12,135
Aug 1974,West,13,144
Sep 1974,West,11,147
Oct 1974,West,10,132
Nov 1974,West,9,132
Dec 1974,West,5,94
Jan 1975,West,9,114
Feb 1975,West,9,100
Mar 1975,West,11,125
Apr 1975,West,15,139
May 1975,West,14,152
Jun 1975,West,14,169
Jul 1975,West,14,159
Aug 1975,West,16,170
Sep 1975,West,13,166
Oct 1975,West,12,162
Nov 1975,West,12,174
Dec 1975,West,11,206
Jan 1976,West,13,165
Feb 1976,West,17,182
Mar 1976,West,17,186
Apr 1976,West,19,180
May 1976,West,14,164
Jun 1976,West,18,185
Jul 1976,West,18,216
Aug 1976,West,17,185
Sep 1976,West,18,227
Oct 1976,West,19,240
Nov 1976,West,16,241
Dec 1976,West,15,257
Jan 1977,West,21,280
Feb 1977,West,26,290
Mar 1977,West,30,288
Apr 1977,West,23,234
May 1977,West,22,245
Jun 1977,West,23,251
Jul 1977,West,18,221
Aug 1977,West,23,259
Sep 1977,West,21,249
Oct 1977,West,19,259
Nov 1977,West,17,252
Dec 1977,West,14,251
Jan 1978,West,21,263
Feb 1978,West,22,248
Mar 1978,West,24,253
Apr 1978,West,27,282
May 1978,West,24,271
Jun 1978,West,26,282
Jul 1978,West,20,246
Aug 1978,West,25,265
Sep 1978,West,22,265
Oct 1978,West,21,280
Nov 1978,West,16,250
Dec 1978,West,15,245
Jan 1979,West,20,247
Feb 1979,West,22,249
Mar 1979,West,26,279
Apr 1979,West,21,225
May 1979,West,21,241
Jun 1979,West,18,207
Jul 1979,West,19,211
Aug 1979,West,20,214
Sep 1979,West,22,266
Oct 1979,West,14,181
Nov 1979,West,10,159
Dec 1979,West,11,190
Jan 1980,West,14,170
Feb 1980,West,13,141
Mar 1980,West,11,123
Apr 1980,West,9,91
May 1980,West,10,117
Jun 1980,West,14,156
Jul 1980,West,16,190
Aug 1980,West,16,171
Sep 1980,West,14,167
Oct 1980,West,11,136
Nov 1980,West,10,148
Dec 1980,West,8,131
Jan 1981,West,11,135
Feb 1981,West,12,132
Mar 1981,West,12,128
Apr 1981,West,12,127
May 1981,West,11,118
Jun 1981,West,9,97
Jul 1981,West,10,118
Aug 1981,West,8,93
Sep 1981,West,6,77
Oct 1981,West,8,101
Nov 1981,West,6,86
Dec 1981,West,8,127
Jan 1982,West,7,87
Feb 1982,West,8,85
Mar 1982,West,7,76
Apr 1982,West,7,74
May 1982,West,8,85
Jun 1982,West,9,97
Jul 1982,West,7,93
Aug 1982,West,10,106
Sep 1982,West,8,106
Oct 1982,West,9,118
Nov 1982,West,10,145
Dec 1982,West,8,133
Jan 1983,West,12,138
Feb 1983,West,13,142
Mar 1983,West,14,152
Apr 1983,West,16,166
May 1983,West,17,182
Jun 1983,West,13,148
Jul 1983,West,12,140
Aug 1983,West,12,136
Sep 1983,West,11,139
Oct 1983,West,11,149
Nov 1983,West,11,162
Dec 1983,West,11,174
Jan 1984,West,15,182
Feb 1984,West,17,178
Mar 1984,West,17,177
Apr 1984,West,17,177
May 1984,West,16,164
Jun 1984,West,13,144
Jul 1984,West,11,138
Aug 1984,West,11,136
Sep 1984,West,11,147
Oct 1984,West,13,172
Nov 1984,West,10,152
Dec 1984,West,10,159
Jan 1985,West,14,163
Feb 1985,West,14,153
Mar 1985,West,17,165
Apr 1985,West,15,148
May 1985,West,17,178
Jun 1985,West,15,177
Jul 1985,West,16,211
Aug 1985,West,14,172
Sep 1985,West,13,183
Oct 1985,West,14,177
Nov 1985,West,12,187
Dec 1985,West,11,173
Jan 1986,West,14,168
Feb 1986,West,18,206
Mar 1986,West,24,237
Apr 1986,West,25,242
May 1986,West,18,196
Jun 1986,West,18,206
Jul 1986,West,14,180
Aug 1986,West,12,154
Sep 1986,West,16,212
Oct 1986,West,15,180
Nov 1986,West,12,178
Dec 1986,West,13,210
Jan 1987,West,15,179
Feb 1987,West,17,195
Mar 1987,West,21,203
Apr 1987,West,20,205
May 1987,West,17,185
Jun 1987,West,15,173
Jul 1987,West,15,185
Aug 1987,West,16,194
Sep 1987,West,13,174
Oct 1987,West,16,190
Nov 1987,West,12,175
Dec 1987,West,11,172
Jan 1988,West,15,178
Feb 1988,West,15,164
Mar 1988,West,19,189
Apr 1988,West,19,202
May 1988,West,18,197
Jun 1988,West,20,222
Jul 1988,West,17,213
Aug 1988,West,17,203
Sep 1988,West,18,237
Oct 1988,West,19,240
Nov 1988,West,15,220
Dec 1988,West,12,199
Jan 1989,West,17,213
Feb 1989,West,17,195
Mar 1989,West,16,154
Apr 1989,West,18,184
May 1989,West,18,194
Jun 1989,West,19,214
Jul 1989,West,18,229
Aug 1989,West,20,223
Sep 1989,West,16,210
Oct 1989,West,15,191
Nov 1989,West,14,212
Dec 1989,West,13,203
Jan 1990,West,15,194
Feb 1990,West,16,183
Mar 1990,West,16,163
Apr 1990,West,14,148
May 1990,West,14,158
Jun 1990,West,13,143
Jul 1990,West,11,137
Aug 1990,West,12,137
Sep 1990,West,10,135
Oct 1990,West,9,114
Nov 1990,West,8,126
Dec 1990,West,8,121
Jan 1991,West,9,119
Feb 1991,West,12,134
Mar 1991,West,15,146
Apr 1991,West,13,136
May 1991,West,13,145
Jun 1991,West,14,155
Jul 1991,West,12,148
Aug 1991,West,13,148
Sep 1991,West,10,135
Oct 1991,West,10,135
Nov 1991,West,10,157
Dec 1991,West,11,166
Jan 1992,West,16,204
Feb 1992,West,17,182
Mar 1992,West,15,147
Apr 1992,West,16,169
May 1992,West,12,124
Jun 1992,West,13,155
Jul 1992,West,16,197
Aug 1992,West,15,174
Sep 1992,West,14,170
Oct 1992,West,14,175
Nov 1992,West,11,164
Dec 1992,West,12,184
Jan 1993,West,12,150
Feb 1993,West,14,157
Mar 1993,West,17,176
Apr 1993,West,17,185
May 1993,West,18,196
Jun 1993,West,16,171
Jul 1993,West,15,183
Aug 1993,West,16,179
Sep 1993,West,17,209
Oct 1993,West,15,196
Nov 1993,West,17,262
Dec 1993,West,14,227
Jan 1994,West,13,168
Feb 1994,West,19,209
Mar 1994,West,22,224
Apr 1994,West,18,192
May 1994,West,18,192
Jun 1994,West,16,185
Jul 1994,West,16,188
Aug 1994,West,18,201
Sep 1994,West,15,187
Oct 1994,West,16,206
Nov 1994,West,12,181
Dec 1994,West,10,165
Jan 1995,West,14,173
Feb 1995,West,11,126
Mar 1995,West,16,165
Apr 1995,West,16,173
May 1995,West,20,211
Jun 1995,West,19,219
Jul 1995,West,17,198
Aug 1995,West,19,206
Sep 1995,West,17,206
Oct 1995,West,15,198
Nov 1995,West,13,189
Dec 1995,West,12,195
Jan 1996,West,17,213
Feb 1996,West,21,228
Mar 1996,West,20,209
Apr 1996,West,21,222
May 1996,West,19,198
Jun 1996,West,18,202
Jul 1996,West,18,209
Aug 1996,West,19,207
Sep 1996,West,17,208
Oct 1996,West,15,191
Nov 1996,West,14,213
Dec 1996,West,13,220
Jan 1997,West,15,197
Feb 1997,West,18,204
Mar 1997,West,24,240
Apr 1997,West,19,202
May 1997,West,18,198
Jun 1997,West,19,213
Jul 1997,West,21,243
Aug 1997,West,19,221
Sep 1997,West,20,252
Oct 1997,West,18,227
Nov 1997,West,16,227
Dec 1997,West,13,205
Jan 1998,West,17,220
Feb 1998,West,22,241
Mar 1998,West,21,217
Apr 1998,West,22,226
May 1998,West,25,270
Jun 1998,West,21,235
Jul 1998,West,20,237
Aug 1998,West,21,243
Sep 1998,West,18,228
Oct 1998,West,20,258
Nov 1998,West,20,292
Dec 1998,West,15,252
Jan 1999,West,20,243
Feb 1999,West,18,201
Mar 1999,West,25,258
Apr 1999,West,25,266
May 1999,West,21,243
Jun 1999,West,23,262
Jul 1999,West,20,235
Aug 1999,West,21,234
Sep 1999,West,18,221
Oct 1999,West,19,237
Nov 1999,West,17,244
Dec 1999,West,16,249
Jan 2000,West,20,255
Feb 2000,West,20,222
Mar 2000,West,26,261
Apr 2000,West,22,229
May 2000,West,20,228
Jun 2000,West,17,193
Jul 2000,West,22,251
Aug 2000,West,22,246
Sep 2000,West,20,259
Oct 2000,West,20,265
Nov 2000,West,17,248
Dec 2000,West,19,296
Jan 2001,West,22,274
Feb 2001,West,25,278
Mar 2001,West,24,236
Apr 2001,West,23,240
May 2001,West,21,234
Jun 2001,West,21,235
Jul 2001,West,20,230
Aug 2001,West,20,231
Sep 2001,West,16,212
Oct 2001,West,16,211
Nov 2001,West,14,211
Dec 2001,West,18,280
Jan 2002,West,18,234
Feb 2002,West,23,259
Mar 2002,West,27,274
Apr 2002,West,25,269
May 2002,West,25,283
Jun 2002,West,26,286
Jul 2002,West,22,251
Aug 2002,West,25,283
Sep 2002,West,21,276
Oct 2002,West,23,298
Nov 2002,West,20,290
Dec 2002,West,17,268
Jan 2003,West,22,284
Feb 2003,West,23,257
Mar 2003,West,25,250
Apr 2003,West,27,289
May 2003,West,29,322
Jun 2003,West,33,371
Jul 2003,West,26,310
Aug 2003,West,28,314
Sep 2003,West,25,328
Oct 2003,West,25,318
Nov 2003,West,22,322
Dec 2003,West,21,336
Jan 2004,West,23,292
Feb 2004,West,31,351
Mar 2004,West,38,374
Apr 2004,West,33,349
May 2004,West,33,357
Jun 2004,West,30,339
Jul 2004,West,27,325
Aug 2004,West,30,339
Sep 2004,West,28,358
Oct 2004,West,33,415
Nov 2004,West,23,341
Dec 2004,West,20,320
Jan 2005,West,25,332
Feb 2005,West,31,354
Mar 2005,West,37,366
Apr 2005,West,33,354
May 2005,West,34,365
Jun 2005,West,30,340
Jul 2005,West,36,436
Aug 2005,West,31,352
Sep 2005,West,25,324
Oct 2005,West,32,404
Nov 2005,West,22,322
Dec 2005,West,20,325
Jan 2006,West,26,335
Feb 2006,West,22,247
Mar 2006,West,31,305
Apr 2006,West,27,290
May 2006,West,25,263
Jun 2006,West,25,278
Jul 2006,West,22,263
Aug 2006,West,19,218
Sep 2006,West,20,251
Oct 2006,West,20,250
Nov 2006,West,16,237
Dec 2006,West,15,249
Jan 2007,West,13,170
Feb 2007,West,18,205
Mar 2007,West,21,202
Apr 2007,West,20,206
May 2007,West,19,200
Jun 2007,West,15,175
Jul 2007,West,18,210
Aug 2007,West,13,160
Sep 2007,West,14,171
Oct 2007,West,12,152
Nov 2007,West,10,150
Dec 2007,West,8,135
Jan 2008,West,11,157
Feb 2008,West,12,147
Mar 2008,West,12,124
Apr 2008,West,12,127
May 2008,West,11,114
Jun 2008,West,10,111
Jul 2008,West,11,116
Aug 2008,West,8,90
Sep 2008,West,8,100
Oct 2008,West,7,84
Nov 2008,West,6,89
Dec 2008,West,6,95
Jan 2009,West,5,70
Feb 2009,West,6,71
Mar 2009,West,7,75
Apr 2009,West,7,77
May 2009,West,9,90
Jun 2009,West,10,106
Jul 2009,West,9,97
Aug 2009,West,9,108
Sep 2009,West,8,96
Oct 2009,West,8,95
Nov 2009,West,5,78
Dec 2009,West,5,81
Jan 2010,West,5,80
Feb 2010,West,7,88
Mar 2010,West,9,95
Apr 2010,West,10,102
May 2010,West,6,62
Jun 2010,West,5,56
Jul 2010,West,4,45
Aug 2010,West,6,68
Sep 2010,West,6,69
Oct 2010,West,4,49
Nov 2010,West,4,69
Dec 2010,West,6,100
Jan 2011,West,5,74
Feb 2011,West,5,60
Mar 2011,West,7,73
Apr 2011,West,8,78
May 2011,West,7,73
Jun 2011,West,6,69
Jul 2011,West,6,62
Aug 2011,West,5,64
Sep 2011,West,5,67
Oct 2011,West,7,82
Nov 2011,West,5,76
Dec 2011,West,5,85
Jan 2012,West,5,77
Feb 2012,West,8,93
Mar 2012,West,8,80
Apr 2012,West,10,95
May 2012,West,10,98
Jun 2012,West,10,107
Jul 2012,West,9,102
Aug 2012,West,9,107
Sep 2012,West,8,99
Oct 2012,West,8,107
Nov 2012,West,6,95
Dec 2012,West,6,99
Jan 2013,West,10,141
Feb 2013,West,11,130
Mar 2013,West,11,112
Apr 2013,West,10,101
May 2013,West,10,95
Jun 2013,West,11,119
Jul 2013,West,8,97
Aug 2013,West,7,82
Sep 2013,West,7,95
Oct 2013,West,7,89
Nov 2013,West,7,106
Dec 2013,West,7,97
Jan 2014,West,8,116
Feb 2014,West,8,89
Mar 2014,West,9,87
Apr 2014,West,9,94
May 2014,West,11,109
Jun 2014,West,10,105
Jul 2014,West,8,100
Aug 2014,West,10,126
Sep 2014,West,9,121
Oct 2014,West,9,121
Nov 2014,West,8,123
Dec 2014,West,9,125
Jan 2015,West,11,145
Feb 2015,West,12,132
Mar 2015,West,13,131
Apr 2015,West,12,124
May 2015,West,13,136
Jun 2015,West,11,119
Jul 2015,West,10,128
Aug 2015,West,10,126
Sep 2015,West,8,115
Oct 2015,West,9,120
Nov 2015,West,9,143
Dec 2015,West,10,148
Jan 2016,West,10,123
Feb 2016,West,13,141
Mar 2016,West,13,128
Apr 2016,West,14,147
May 2016,West,14,147
Jun 2016,West,12,129
Jul 2016,West,12,147
Aug 2016,West,12,144
Sep 2016,West,10,136
Oct 2016,West,11,140
Nov 2016,West,11,164
Dec 2016,West,11,160
Jan 2017,West,11,130
Feb 2017,West,14,152
Mar 2017,West,17,177
Apr 2017,West,14,151
May 2017,West,16,169
Jun 2017,West,16,175
Jul 2017,West,12,148
Aug 2017,West,11,141
Sep 2017,West,12,164
Oct 2017,West,11,148
Nov 2017,West,15,223
Dec 2017,West,13,183
Jan 2018,West,14,174
Feb 2018,West,15,161
Mar 2018,West,18,185
Apr 2018,West,16,168
May 2018,West,15,160
Jun 2018,West,14,156
Jul 2018,West,14,172
Aug 2018,West,13,164
Sep 2018,West,12,155
Oct 2018,West,12,159
Nov 2018,West,10,141
Dec 2018,West,9,115
Jan 2019,West,13,149
Feb 2019,West,16,171
Mar 2019,West,20,209
Apr 2019,West,20,216
May 2019,West,12,140
Jun 2019,West,18,202
Jul 2019,West,13,161
Aug 2019,West,15,187
Sep 2019,West,13,177
Oct 2019,West,15,199
Nov 2019,West,13,180
Dec 2019,West,14,193
Jan 2020,West,19,214
Feb 2020,West,19,206
Mar 2020,West,15,157
Apr 2020,West,14,155
May 2020,West,16,184
Jun 2020,West,20,224
Jul 2020,West,20,258
Aug 2020,West,21,269
Sep 2020,West,21,276
Oct 2020,West,22,287
Nov 2020,West,14,198
Dec 2020,West,16,213
Jan 2021,West,19,213
Feb 2021,West,19,208
Mar 2021,West,16,167
Apr 2021,West,17,194
May 2021,West,17,195
Jun 2021,West,15,175
Jul 2021,West,16,205
Aug 2021,West,14,174
Sep 2021,West,15,195
Oct 2021,West,13,172
Nov 2021,West,16,227
Dec 2021,West,18,239
Jan 2022,West,20,226
Feb 2022,West,18,196
Mar 2022,West,17,175
Apr 2022,West,13,144
May 2022,West,15,176
Jun 2022,West,9,106
Jul 2022,West,9,113
Aug 2022,West,10,127
Sep 2022,West,9,122
Oct 2022,West,9,122
Nov 2022,West,10,139
Dec 2022,West,10,131
Jan 2023,West,11,121
Feb 2023,West,11,122
Mar 2023,West,14,149
Apr 2023,West,14,155
May 2023,West,17,181
Jun 2023,West,13,154
Jul 2023,West,16,202
Aug 2023,West,15,183
